{
    "1": {
        "survival data": [
            "58.2",
            "40.5",
            "36.3"
        ],
        "a2": 0.008228571428570808,
        "a1": -1.55554285714277,
        "a0": 106.35051428571144
    },
    "2": {
        "survival data": [
            "37.3",
            "23.7",
            "21.1"
        ],
        "a2": 0.008114285714284852,
        "a1": -1.3797714285713518,
        "a0": 78.7692571428558
    },
    "3": {
        "survival data": [
            "25.8",
            "16.0",
            "14.3"
        ],
        "a2": 0.0063428571428565395,
        "a1": -1.0453142857142277,
        "a0": 56.91977142857023
    },
    "4": {
        "survival data": [
            "20.1",
            "11.9",
            "10.4"
        ],
        "a2": 0.005085714285713694,
        "a1": -0.8518285714285242,
        "a0": 45.58594285714226
    },
    "5": {
        "survival data": [
            "16.9",
            "9.4",
            "8.0"
        ],
        "a2": 0.0045714285714282266,
        "a1": -0.7708571428570992,
        "a0": 40.010285714284414
    },
    "6": {
        "survival data": [
            "14.3",
            "7.9",
            "6.5"
        ],
        "a2": 0.003314285714285381,
        "a1": -0.5973714285713949,
        "a0": 32.55645714285639
    },
    "7": {
        "survival data": [
            "12.4",
            "6.9",
            "5.4"
        ],
        "a2": 0.0019999999999997242,
        "a1": -0.4259999999999764,
        "a0": 25.97199999999963
    },
    "8": {
        "survival data": [
            "11.0",
            "6.0",
            "4.6"
        ],
        "a2": 0.0017142857142855017,
        "a1": -0.3765714285714076,
        "a0": 23.07885714285669
    },
    "9": {
        "survival data": [
            "9.8",
            "5.4",
            "4.0"
        ],
        "a2": 0.0010285714285713232,
        "a1": -0.2819428571428415,
        "a0": 19.231314285713754
    },
    "10": {
        "survival data": [
            "9.3",
            "4.8",
            "3.5"
        ],
        "a2": 0.0014285714285712237,
        "a1": -0.3271428571428393,
        "a0": 19.88571428571399
    }
}