{
    "1": {
        "survival data": [
            "95.0",
            "94.1",
            "92.5"
        ],
        "a2": -0.003542857142856959,
        "a1": 0.3289142857142646,
        "a0": 87.56102857142915
    },
    "2": {
        "survival data": [
            "92.1",
            "88.3",
            "86.1"
        ],
        "a2": -0.001942857142857135,
        "a1": 0.04811428571428434,
        "a0": 93.17862857142862
    },
    "3": {
        "survival data": [
            "88.6",
            "83.0",
            "80.5"
        ],
        "a2": -0.0007428571428572117,
        "a1": -0.14748571428570512,
        "a0": 95.48182857142828
    },
    "4": {
        "survival data": [
            "84.7",
            "78.4",
            "75.5"
        ],
        "a2": -0.0010857142857143842,
        "a1": -0.14017142857141893,
        "a0": 91.81805714285696
    },
    "5": {
        "survival data": [
            "83.1",
            "74.9",
            "71.0"
        ],
        "a2": -0.0017714285714286737,
        "a1": -0.14554285714284546,
        "a0": 91.47051428571396
    },
    "6": {
        "survival data": [
            "81.4",
            "71.7",
            "67.4"
        ],
        "a2": -0.0012000000000000899,
        "a1": -0.26439999999998687,
        "a0": 93.53679999999957
    },
    "7": {
        "survival data": [
            "78.2",
            "68.2",
            "64.3"
        ],
        "a2": 0.000285714285714056,
        "a1": -0.4294285714285461,
        "a0": 94.51314285714221
    },
    "8": {
        "survival data": [
            "76.1",
            "65.5",
            "61.0"
        ],
        "a2": -0.0007428571428573227,
        "a1": -0.3474857142856944,
        "a0": 90.78182857142806
    },
    "9": {
        "survival data": [
            "74.7",
            "63.1",
            "58.1"
        ],
        "a2": -0.0010285714285716008,
        "a1": -0.3580571428571234,
        "a0": 90.2286857142852
    },
    "10": {
        "survival data": [
            "72.9",
            "60.6",
            "55.2"
        ],
        "a2": -0.0013714285714287455,
        "a1": -0.35074285714283837,
        "a0": 88.66491428571382
    }
}