{
    "1": {
        "survival data": [
            "82.4",
            "82.0",
            "78.7"
        ],
        "a2": -0.008971428571428186,
        "a1": 0.90805714285709,
        "a0": 60.63131428571599
    },
    "2": {
        "survival data": [
            "69.7",
            "67.4",
            "64.1"
        ],
        "a2": -0.006799999999999806,
        "a1": 0.6083999999999695,
        "a0": 56.315200000001084
    },
    "3": {
        "survival data": [
            "61.9",
            "58.1",
            "54.4"
        ],
        "a2": -0.00622857142857125,
        "a1": 0.48954285714283097,
        "a0": 52.2814857142866
    },
    "4": {
        "survival data": [
            "53.7",
            "51.5",
            "47.8"
        ],
        "a2": -0.00805714285714254,
        "a1": 0.741885714285673,
        "a0": 37.02137142857269
    },
    "5": {
        "survival data": [
            "48.9",
            "46.4",
            "42.5"
        ],
        "a2": -0.008285714285714008,
        "a1": 0.7534285714285289,
        "a0": 32.11885714285862
    },
    "6": {
        "survival data": [
            "44.7",
            "42.7",
            "38.1"
        ],
        "a2": -0.010857142857142454,
        "a1": 1.0382857142856565,
        "a0": 20.72057142857335
    },
    "7": {
        "survival data": [
            "41.8",
            "39.5",
            "34.9"
        ],
        "a2": -0.010514285714285143,
        "a1": 0.990971428571374,
        "a0": 19.144342857143954
    },
    "8": {
        "survival data": [
            "40.4",
            "37.2",
            "32.3"
        ],
        "a2": -0.010342857142856765,
        "a1": 0.9373142857142355,
        "a0": 19.576228571430136
    },
    "9": {
        "survival data": [
            "39.3",
            "35.0",
            "29.5"
        ],
        "a2": -0.010799999999999477,
        "a1": 0.9403999999999477,
        "a0": 19.051200000001145
    },
    "10": {
        "survival data": [
            "39.3",
            "33.0",
            "27.2"
        ],
        "a2": -0.009371428571428253,
        "a1": 0.7132571428571038,
        "a0": 25.736914285715407
    }
}