{"1": {"survival data": ["79.0", "59.9", "55.0"], "a2": 0.00782857142857063, "a1": -1.5703428571427702, "a0": 128.3361142857121}, "2": {"survival data": ["67.8", "43.0", "38.6"], "a2": 0.015771428571427215, "a1": -2.616457142856996, "a0": 145.85348571428207}, "3": {"survival data": ["59.6", "34.1", "29.2"], "a2": 0.015142857142855792, "a1": -2.5797142857141417, "a0": 137.17657142856794}, "4": {"survival data": ["55.1", "29.6", "24.2"], "a2": 0.013714285714284458, "a1": -2.4325714285712925, "a0": 129.11085714285377}, "5": {"survival data": ["47.0", "24.8", "20.1"], "a2": 0.011942857142856145, "a1": -2.1181142857141673, "a0": 111.44137142856813}, "6": {"survival data": ["47.0", "22.1", "17.0"], "a2": 0.013885714285712947, "a1": -2.4262285714284366, "a0": 120.50274285713986}, "7": {"survival data": ["36.3", "20.0", "14.4"], "a2": 0.0026285714285710915, "a1": -0.9227428571428056, "a0": 68.2889142857125}, "8": {"survival data": ["36.3", "18.2", "12.7"], "a2": 0.0049714285714279605, "a1": -1.2360571428570735, "a0": 76.94468571428389}, "9": {"survival data": ["31.2", "16.7", "11.5"], "a2": 0.0017142857142854462, "a1": -0.756571428571387, "a0": 58.09885714285569}, "10": {"survival data": ["31.2", "15.1", "9.8"], "a2": 0.0032571428571424033, "a1": -0.9794857142856601, "a0": 64.44582857142706}}