{
    "1": {
        "survival data": [
            "47.3",
            "34.1",
            "34.3",
            "30.7"
        ],
        "a2": 0.008349645621161583,
        "a1": -1.047339993922592,
        "a0": 64.19087541968514
    },
    "2": {
        "survival data": [
            "32.8",
            "16.6",
            "16.0",
            "15.3"
        ],
        "a2": 0.01303496750200317,
        "a1": -1.515180932706154,
        "a0": 57.34494056064747
    },
    "3": {
        "survival data": [
            "27.1",
            "11.5",
            "10.1",
            "9.3"
        ],
        "a2": 0.012186687703189758,
        "a1": -1.4445160638196053,
        "a0": 50.62701569992558
    },
    "4": {
        "survival data": [
            "25.0",
            "9.3",
            "7.8",
            "7.0"
        ],
        "a2": 0.012240022147146812,
        "a1": -1.4533783918837553,
        "a0": 48.685242165985365
    },
    "5": {
        "survival data": [
            "25.0",
            "7.8",
            "6.6",
            "5.9"
        ],
        "a2": 0.013695756028605954,
        "a1": -1.606984057281914,
        "a0": 51.1176338119422
    },
    "6": {
        "survival data": [
            "25.0",
            "7.1",
            "5.9",
            "5.3"
        ],
        "a2": 0.014374343119073263,
        "a1": -1.6809465273476625,
        "a0": 52.310535104995125
    },
    "7": {
        "survival data": [
            "25.0",
            "6.7",
            "5.5",
            "4.9"
        ],
        "a2": 0.014715124981932837,
        "a1": -1.7195756835385203,
        "a0": 52.933869559933605
    },
    "8": {
        "survival data": [
            "25.0",
            "6.5",
            "5.1",
            "4.6"
        ],
        "a2": 0.014904012700311053,
        "a1": -1.7436617863985668,
        "a0": 53.352388488960685
    },
    "9": {
        "survival data": [
            "25.0",
            "6.2",
            "4.9",
            "4.5"
        ],
        "a2": 0.015273678949677016,
        "a1": -1.7797900612570208,
        "a0": 53.919562474748794
    },
    "10": {
        "survival data": [
            "25.0",
            "6.2",
            "4.7",
            "4.4"
        ],
        "a2": 0.015292175736626001,
        "a1": -1.7845615860216386,
        "a0": 54.02641417630505
    }
}