{
    "1": {
        "survival data": [
            "80.8",
            "76.0",
            "70.7"
        ],
        "a2": -0.009657142857142476,
        "a1": 0.8026857142856687,
        "a0": 64.1837714285727
    },
    "2": {
        "survival data": [
            "59.9",
            "54.9",
            "51.6"
        ],
        "a2": -0.0037142857142856422,
        "a1": 0.18257142857141728,
        "a0": 58.42914285714326
    },
    "3": {
        "survival data": [
            "49.6",
            "44.5",
            "41.2"
        ],
        "a2": -0.0035999999999999366,
        "a1": 0.16679999999998957,
        "a0": 48.57040000000038
    },
    "4": {
        "survival data": [
            "42.6",
            "38.9",
            "35.9"
        ],
        "a2": -0.004342857142857037,
        "a1": 0.2993142857142685,
        "a0": 37.5322285714292
    },
    "5": {
        "survival data": [
            "38.7",
            "35.2",
            "31.8"
        ],
        "a2": -0.005714285714285561,
        "a1": 0.44857142857140414,
        "a0": 29.89714285714373
    },
    "6": {
        "survival data": [
            "36.9",
            "32.9",
            "29.8"
        ],
        "a2": -0.004285714285714115,
        "a1": 0.28142857142855493,
        "a0": 32.44285714285748
    },
    "7": {
        "survival data": [
            "35.8",
            "31.4",
            "28.5"
        ],
        "a2": -0.003257142857142764,
        "a1": 0.159485714285705,
        "a0": 34.534171428571625
    },
    "8": {
        "survival data": [
            "34.2",
            "30.5",
            "27.3"
        ],
        "a2": -0.004914285714285482,
        "a1": 0.3581714285714078,
        "a0": 27.705942857143224
    },
    "9": {
        "survival data": [
            "33.6",
            "29.6",
            "26.4"
        ],
        "a2": -0.004571428571428393,
        "a1": 0.31085714285712623,
        "a0": 28.429714285714603
    },
    "10": {
        "survival data": [
            "32.7",
            "28.8",
            "25.2"
        ],
        "a2": -0.005828571428571183,
        "a1": 0.4443428571428324,
        "a0": 24.235885714286265
    }
}