{
    "1": {
        "survival data": [
            "78.4",
            "64.0",
            "55.1"
        ],
        "a2": -0.008971428571428408,
        "a1": 0.3480571428571214,
        "a0": 78.47131428571494
    },
    "2": {
        "survival data": [
            "68.5",
            "52.5",
            "43.8"
        ],
        "a2": -0.006571428571428572,
        "a1": 0.03685714285714227,
        "a0": 77.05771428571433
    },
    "3": {
        "survival data": [
            "64.6",
            "46.7",
            "37.7"
        ],
        "a2": -0.005257142857142932,
        "a1": -0.17451428571427502,
        "a0": 79.40217142857108
    },
    "4": {
        "survival data": [
            "63.0",
            "43.6",
            "34.8"
        ],
        "a2": -0.002971428571428847,
        "a1": -0.46994285714282985,
        "a0": 85.84731428571368
    },
    "5": {
        "survival data": [
            "61.5",
            "42.3",
            "32.7"
        ],
        "a2": -0.0054857142857143715,
        "a1": -0.20297142857141984,
        "a0": 77.75965714285695
    },
    "6": {
        "survival data": [
            "60.2",
            "40.3",
            "31.2"
        ],
        "a2": -0.0032571428571430694,
        "a1": -0.4605142857142614,
        "a0": 83.11417142857078
    },
    "7": {
        "survival data": [
            "59.5",
            "39.2",
            "30.0"
        ],
        "a2": -0.0030857142857145248,
        "a1": -0.49417142857139934,
        "a0": 83.4660571428563
    },
    "8": {
        "survival data": [
            "58.8",
            "38.2",
            "29.1"
        ],
        "a2": -0.0024571428571431575,
        "a1": -0.5709142857142533,
        "a0": 84.80297142857063
    },
    "9": {
        "survival data": [
            "57.2",
            "36.9",
            "28.1"
        ],
        "a2": -0.0019428571428573571,
        "a1": -0.6118857142856825,
        "a0": 84.01862857142748
    },
    "10": {
        "survival data": [
            "56.1",
            "36.0",
            "27.4"
        ],
        "a2": -0.0016000000000002679,
        "a1": -0.6391999999999642,
        "a0": 83.4623999999989
    }
}