{
    "1": {
        "survival data": [
            "42.0",
            "61.8",
            "52.9",
            "48.6"
        ],
        "a2": -0.018966394278423726,
        "a1": 1.7653113788872514,
        "a0": 20.255466424211853
    },
    "2": {
        "survival data": [
            "35.5",
            "48.3",
            "40.1",
            "36.5"
        ],
        "a2": -0.013686058852926175,
        "a1": 1.2088146629918426,
        "a0": 20.801599700746166
    },
    "3": {
        "survival data": [
            "31.8",
            "42.8",
            "35.1",
            "30.9"
        ],
        "a2": -0.012733991003150757,
        "a1": 1.0985176267395262,
        "a0": 18.45198145991781
    },
    "4": {
        "survival data": [
            "31.8",
            "40.2",
            "32.4",
            "28.0"
        ],
        "a2": -0.011208839548033755,
        "a1": 0.9176921074660301,
        "a0": 20.766190342792065
    },
    "5": {
        "survival data": [
            "31.8",
            "39.1",
            "30.4",
            "26.0"
        ],
        "a2": -0.010814789996900553,
        "a1": 0.8474220465466302,
        "a0": 21.74919006199187
    },
    "6": {
        "survival data": [
            "31.8",
            "38.0",
            "29.1",
            "24.5"
        ],
        "a2": -0.010303102064062486,
        "a1": 0.778210684758668,
        "a0": 22.648514421848745
    },
    "7": {
        "survival data": [
            "31.8",
            "36.9",
            "28.4",
            "23.8"
        ],
        "a2": -0.009442712641594575,
        "a1": 0.6924737564341418,
        "a0": 23.70441511055304
    },
    "8": {
        "survival data": [
            "31.8",
            "36.8",
            "27.6",
            "23.7"
        ],
        "a2": -0.009161509017850844,
        "a1": 0.6605858998651254,
        "a0": 24.18936657248294
    },
    "9": {
        "survival data": [
            "31.8",
            "36.1",
            "27.0",
            "23.4"
        ],
        "a2": -0.00846922592767363,
        "a1": 0.5937842363642166,
        "a0": 25.037031416870136
    },
    "10": {
        "survival data": [
            "31.8",
            "36.1",
            "26.8",
            "22.9"
        ],
        "a2": -0.008741172077553538,
        "a1": 0.6102442729509163,
        "a0": 24.84142129179375
    }
}