{
    "1": {
        "survival data": [
            "99.8",
            "100.0",
            "100.0"
        ],
        "a2": -0.00017006802721089218,
        "a1": 0.0175170068027216,
        "a0": 99.57551020408164
    },
    "2": {
        "survival data": [
            "99.8",
            "99.8",
            "100.0"
        ],
        "a2": 0.00016326530612245128,
        "a1": -0.008816326530612505,
        "a0": 99.89551020408165
    },
    "3": {
        "survival data": [
            "99.8",
            "99.4",
            "99.5"
        ],
        "a2": 0.00042176870748298484,
        "a1": -0.0394421768707479,
        "a0": 100.29673469387755
    },
    "4": {
        "survival data": [
            "99.8",
            "99.1",
            "99.1"
        ],
        "a2": 0.0005952380952381001,
        "a1": -0.06130952380952499,
        "a0": 100.58571428571432
    },
    "5": {
        "survival data": [
            "99.6",
            "98.9",
            "98.8"
        ],
        "a2": 0.0005136054421768579,
        "a1": -0.05690136054421719,
        "a0": 100.33795918367349
    },
    "6": {
        "survival data": [
            "99.6",
            "98.6",
            "98.6"
        ],
        "a2": 0.0008503401360544366,
        "a1": -0.08758503401360675,
        "a0": 100.72244897959185
    },
    "7": {
        "survival data": [
            "99.3",
            "98.4",
            "98.5"
        ],
        "a2": 0.000846938775510217,
        "a1": -0.08323469387755125,
        "a0": 100.35795918367346
    },
    "8": {
        "survival data": [
            "99.3",
            "98.2",
            "98.5"
        ],
        "a2": 0.0011802721088435553,
        "a1": -0.10956802721088538,
        "a0": 100.67795918367348
    },
    "9": {
        "survival data": [
            "98.5",
            "98.0",
            "98.5"
        ],
        "a2": 0.0008333333333333387,
        "a1": -0.06583333333333433,
        "a0": 99.30000000000003
    },
    "10": {
        "survival data": [
            "98.1",
            "97.9",
            "98.5"
        ],
        "a2": 0.0006598639455782235,
        "a1": -0.04396598639455724,
        "a0": 98.61102040816326
    }
}