{
    "1": {
        "survival data": [
            "99.5",
            "97.5",
            "95.1",
            "93.5"
        ],
        "a2": -0.0006252218039803636,
        "a1": -0.04358221572791397,
        "a0": 100.26101144930232
    },
    "2": {
        "survival data": [
            "97.9",
            "91.8",
            "85.8",
            "82.7"
        ],
        "a2": -0.0002455496157934556,
        "a1": -0.23217498709277526,
        "a0": 101.38918201834079
    },
    "3": {
        "survival data": [
            "97.9",
            "87.0",
            "78.2",
            "74.6"
        ],
        "a2": 0.001544648707144991,
        "a1": -0.5287522784002258,
        "a0": 105.43452584634409
    },
    "4": {
        "survival data": [
            "97.3",
            "83.6",
            "73.3",
            "69.5"
        ],
        "a2": 0.002697933489729909,
        "a1": -0.7076444243646824,
        "a0": 107.25812956031399
    },
    "5": {
        "survival data": [
            "96.0",
            "80.8",
            "69.9",
            "65.3"
        ],
        "a2": 0.0029264201160041914,
        "a1": -0.7733822192337437,
        "a0": 106.84204080498583
    },
    "6": {
        "survival data": [
            "94.7",
            "78.8",
            "67.8",
            "63.2"
        ],
        "a2": 0.003346757056301497,
        "a1": -0.8237238461479535,
        "a0": 106.19409552429667
    },
    "7": {
        "survival data": [
            "93.9",
            "77.3",
            "66.4",
            "61.8"
        ],
        "a2": 0.003838838592188809,
        "a1": -0.8764449911244893,
        "a0": 106.05736577737724
    },
    "8": {
        "survival data": [
            "93.1",
            "76.4",
            "64.9",
            "60.7"
        ],
        "a2": 0.0039557129594376406,
        "a1": -0.8954420882002957,
        "a0": 105.5635304148854
    },
    "9": {
        "survival data": [
            "92.1",
            "75.2",
            "63.8",
            "59.7"
        ],
        "a2": 0.0041886646052604615,
        "a1": -0.9160486065335001,
        "a0": 104.81850661302353
    },
    "10": {
        "survival data": [
            "91.0",
            "73.8",
            "63.3",
            "59.2"
        ],
        "a2": 0.004707033530311877,
        "a1": -0.9488413175048463,
        "a0": 104.05083186621518
    }
}