{
    "1": {
        "survival data": [
            "98.7",
            "99.0",
            "97.5",
            "96.7"
        ],
        "a2": -0.001267473523260898,
        "a1": 0.07747931455665424,
        "a0": 97.8423092353473
    },
    "2": {
        "survival data": [
            "97.4",
            "97.9",
            "95.4",
            "94.6"
        ],
        "a2": -0.001756541997808475,
        "a1": 0.10410015799553965,
        "a0": 96.2983279990132
    },
    "3": {
        "survival data": [
            "96.1",
            "97.1",
            "94.2",
            "93.4"
        ],
        "a2": -0.0022258949304828635,
        "a1": 0.14566732693831635,
        "a0": 94.50613801276207
    },
    "4": {
        "survival data": [
            "96.1",
            "96.4",
            "93.0",
            "91.9"
        ],
        "a2": -0.0021492487356552514,
        "a1": 0.11416525467313497,
        "a0": 94.95136707322605
    },
    "5": {
        "survival data": [
            "96.1",
            "95.9",
            "92.2",
            "91.3"
        ],
        "a2": -0.0017975341846857562,
        "a1": 0.07153938659892066,
        "a0": 95.52723241882016
    },
    "6": {
        "survival data": [
            "96.1",
            "95.2",
            "91.3",
            "91.1"
        ],
        "a2": -0.0009459325821737589,
        "a1": -0.010467024507662114,
        "a0": 96.60393341762844
    },
    "7": {
        "survival data": [
            "96.1",
            "94.7",
            "90.6",
            "91.1"
        ],
        "a2": -0.00022467647625958043,
        "a1": -0.07775018248699546,
        "a0": 97.49273084895226
    },
    "8": {
        "survival data": [
            "96.1",
            "94.3",
            "90.6",
            "90.7"
        ],
        "a2": -8.743169760380698e-05,
        "a1": -0.0931817001669853,
        "a0": 97.64510959638527
    },
    "9": {
        "survival data": [
            "96.1",
            "93.8",
            "90.4",
            "90.7"
        ],
        "a2": 0.00047951664013556883,
        "a1": -0.1429461224281808,
        "a0": 98.25462154328908
    },
    "10": {
        "survival data": [
            "94.1",
            "93.7",
            "90.4",
            "90.7"
        ],
        "a2": -0.0007228932797487203,
        "a1": -0.0042649767504748335,
        "a0": 94.47514541907181
    }
}