{
    "1": {
        "survival data": [
            "77.0",
            "68.7",
            "58.2"
        ],
        "a2": -0.02051428571428482,
        "a1": 1.7809714285713292,
        "a0": 38.7443428571454
    },
    "2": {
        "survival data": [
            "52.2",
            "46.9",
            "38.1"
        ],
        "a2": -0.019085714285713484,
        "a1": 1.7538285714284718,
        "a0": 12.83005714286005
    },
    "3": {
        "survival data": [
            "37.5",
            "32.3",
            "25.7"
        ],
        "a2": -0.01291428571428499,
        "a1": 1.1221714285713644,
        "a0": 13.377942857143953
    },
    "4": {
        "survival data": [
            "28.3",
            "23.5",
            "18.6"
        ],
        "a2": -0.008514285714285363,
        "a1": 0.6849714285713893,
        "a0": 14.536342857143875
    },
    "5": {
        "survival data": [
            "22.4",
            "17.7",
            "14.4"
        ],
        "a2": -0.004057142857142759,
        "a1": 0.22988571428570104,
        "a0": 19.605371428571843
    },
    "6": {
        "survival data": [
            "20.1",
            "14.9",
            "12.0"
        ],
        "a2": -0.0023428571428571222,
        "a1": 0.033314285714283694,
        "a0": 22.36422857142861
    },
    "7": {
        "survival data": [
            "16.2",
            "13.0",
            "10.6"
        ],
        "a2": -0.003199999999999925,
        "a1": 0.20159999999998876,
        "a0": 13.204800000000384
    },
    "8": {
        "survival data": [
            "15.1",
            "11.9",
            "9.6"
        ],
        "a2": -0.0029142857142856193,
        "a1": 0.17217142857141907,
        "a0": 12.817942857143068
    },
    "9": {
        "survival data": [
            "14.6",
            "11.1",
            "8.9"
        ],
        "a2": -0.002285714285714238,
        "a1": 0.09542857142856567,
        "a0": 14.354857142857306
    },
    "10": {
        "survival data": [
            "14.0",
            "10.6",
            "8.4"
        ],
        "a2": -0.00239999999999993,
        "a1": 0.11119999999999339,
        "a0": 13.31360000000013
    }
}