{
    "1": {
        "survival data": [
            "99.3",
            "98.5",
            "96.1"
        ],
        "a2": -0.005942857142856917,
        "a1": 0.5801142857142554,
        "a0": 85.71462857142951
    },
    "2": {
        "survival data": [
            "98.3",
            "97.2",
            "94.1"
        ],
        "a2": -0.007599999999999607,
        "a1": 0.7387999999999622,
        "a0": 81.04640000000079
    },
    "3": {
        "survival data": [
            "97.0",
            "95.9",
            "91.8"
        ],
        "a2": -0.010457142857142498,
        "a1": 1.0330857142856598,
        "a0": 72.61497142857331
    },
    "4": {
        "survival data": [
            "95.7",
            "94.5",
            "89.8"
        ],
        "a2": -0.012057142857142322,
        "a1": 1.1938857142856476,
        "a0": 67.47737142857338
    },
    "5": {
        "survival data": [
            "94.7",
            "93.3",
            "87.8"
        ],
        "a2": -0.014114285714284858,
        "a1": 1.3977714285713494,
        "a0": 61.65474285714436
    },
    "6": {
        "survival data": [
            "93.9",
            "92.0",
            "85.8"
        ],
        "a2": -0.015542857142856414,
        "a1": 1.5249142857142006,
        "a0": 58.06902857143089
    },
    "7": {
        "survival data": [
            "93.1",
            "90.8",
            "83.7"
        ],
        "a2": -0.01765714285714215,
        "a1": 1.7266857142856165,
        "a0": 52.615771428574575
    },
    "8": {
        "survival data": [
            "92.3",
            "89.9",
            "81.9"
        ],
        "a2": -0.02011428571428464,
        "a1": 1.9757714285713186,
        "a0": 45.83874285714538
    },
    "9": {
        "survival data": [
            "91.5",
            "89.1",
            "80.5"
        ],
        "a2": -0.021828571428569976,
        "a1": 2.1523428571427337,
        "a0": 40.759885714287634
    },
    "10": {
        "survival data": [
            "91.0",
            "88.0",
            "79.6"
        ],
        "a2": -0.020571428571427575,
        "a1": 1.9988571428570325,
        "a0": 44.33371428571712
    }
}