{
    "1": {
        "survival data": [
            "97.1",
            "96.1",
            "92.1"
        ],
        "a2": -0.010285714285713787,
        "a1": 1.0194285714285143,
        "a0": 72.98685714285865
    },
    "2": {
        "survival data": [
            "90.7",
            "90.9",
            "86.0"
        ],
        "a2": -0.014228571428570813,
        "a1": 1.4735428571427767,
        "a0": 54.87348571428819
    },
    "3": {
        "survival data": [
            "85.7",
            "85.6",
            "79.9"
        ],
        "a2": -0.016171428571427837,
        "a1": 1.661657142857045,
        "a0": 45.492114285717335
    },
    "4": {
        "survival data": [
            "80.5",
            "80.6",
            "74.5"
        ],
        "a2": -0.017542857142856194,
        "a1": 1.8109142857141818,
        "a0": 36.55702857143119
    },
    "5": {
        "survival data": [
            "75.6",
            "76.3",
            "69.9"
        ],
        "a2": -0.019085714285713484,
        "a1": 1.9938285714284576,
        "a0": 26.870057142860887
    },
    "6": {
        "survival data": [
            "72.6",
            "72.6",
            "65.8"
        ],
        "a2": -0.019428571428570462,
        "a1": 2.0011428571427445,
        "a0": 24.106285714288774
    },
    "7": {
        "survival data": [
            "70.1",
            "69.8",
            "63.0"
        ],
        "a2": -0.019085714285713484,
        "a1": 1.9538285714284618,
        "a0": 22.930057142860647
    },
    "8": {
        "survival data": [
            "67.9",
            "67.2",
            "60.5"
        ],
        "a2": -0.018342857142856328,
        "a1": 1.8613142857141818,
        "a0": 23.20822857143169
    },
    "9": {
        "survival data": [
            "66.6",
            "65.2",
            "58.6"
        ],
        "a2": -0.017257142857142194,
        "a1": 1.7214857142856195,
        "a0": 25.710171428574576
    },
    "10": {
        "survival data": [
            "65.6",
            "63.9",
            "56.9"
        ],
        "a2": -0.018057142857141883,
        "a1": 1.7918857142856146,
        "a0": 23.181371428573705
    }
}