{
    "1": {
        "survival data": [
            "93.8",
            "90.5",
            "79.4"
        ],
        "a2": -0.027942857142855715,
        "a1": 2.746114285714131,
        "a0": 29.202628571432427
    },
    "2": {
        "survival data": [
            "85.8",
            "84.9",
            "70.7"
        ],
        "a2": -0.03954285714285488,
        "a1": 4.036914285714062,
        "a0": -11.494971428566586
    },
    "3": {
        "survival data": [
            "81.9",
            "80.4",
            "64.2"
        ],
        "a2": -0.04457142857142582,
        "a1": 4.53085714285689,
        "a0": -27.01028571428097
    },
    "4": {
        "survival data": [
            "80.0",
            "76.9",
            "60.0"
        ],
        "a2": -0.04474285714285475,
        "a1": 4.484514285714037,
        "a0": -26.842171428565635
    },
    "5": {
        "survival data": [
            "77.8",
            "74.8",
            "57.5"
        ],
        "a2": -0.0459999999999976,
        "a1": 4.617999999999742,
        "a0": -32.335999999993646
    },
    "6": {
        "survival data": [
            "76.1",
            "72.5",
            "55.7"
        ],
        "a2": -0.04388571428571186,
        "a1": 4.376228571428325,
        "a0": -27.82274285713727
    },
    "7": {
        "survival data": [
            "75.4",
            "70.8",
            "52.7"
        ],
        "a2": -0.04645714285714053,
        "a1": 4.601085714285453,
        "a0": -33.381028571421766
    },
    "8": {
        "survival data": [
            "75.2",
            "70.0",
            "51.6"
        ],
        "a2": -0.04662857142856858,
        "a1": 4.594742857142598,
        "a0": -33.072914285709516
    },
    "9": {
        "survival data": [
            "73.5",
            "69.5",
            "50.3"
        ],
        "a2": -0.050285714285712046,
        "a1": 5.019428571428292,
        "a0": -45.773142857134616
    },
    "10": {
        "survival data": [
            "72.8",
            "68.5",
            "49.4"
        ],
        "a2": -0.04965714285714018,
        "a1": 4.942685714285438,
        "a0": -44.436228571422184
    }
}