{
    "1": {
        "survival data": [
            "87.3",
            "73.4",
            "53.6"
        ],
        "a2": -0.04068571428571266,
        "a1": 3.63462857142837,
        "a0": 7.432457142862987
    },
    "2": {
        "survival data": [
            "80.3",
            "68.9",
            "51.3"
        ],
        "a2": -0.037257142857141545,
        "a1": 3.381485714285529,
        "a0": 5.090171428577506
    },
    "3": {
        "survival data": [
            "77.3",
            "66.0",
            "49.5"
        ],
        "a2": -0.03422857142856994,
        "a1": 3.073542857142686,
        "a0": 9.493485714290301
    },
    "4": {
        "survival data": [
            "76.3",
            "64.4",
            "47.6"
        ],
        "a2": -0.03439999999999843,
        "a1": 3.067199999999829,
        "a0": 9.00160000000428
    },
    "5": {
        "survival data": [
            "75.7",
            "64.3",
            "47.6"
        ],
        "a2": -0.034685714285712876,
        "a1": 3.116628571428394,
        "a0": 6.908457142862403
    },
    "6": {
        "survival data": [
            "75.0",
            "63.1",
            "47.6"
        ],
        "a2": -0.030685714285713317,
        "a1": 2.6846285714284206,
        "a0": 16.972457142862446
    },
    "7": {
        "survival data": [
            "74.7",
            "62.9",
            "47.6"
        ],
        "a2": -0.03022857142856994,
        "a1": 2.6415428571427078,
        "a0": 17.657485714289002
    },
    "8": {
        "survival data": [
            "74.4",
            "62.6",
            "47.0"
        ],
        "a2": -0.031085714285713273,
        "a1": 2.7298285714284165,
        "a0": 15.218057142862556
    },
    "9": {
        "survival data": [
            "74.1",
            "62.4",
            "47.0"
        ],
        "a2": -0.030628571428569895,
        "a1": 2.6867428571427077,
        "a0": 15.903085714288856
    },
    "10": {
        "survival data": [
            "73.7",
            "61.2",
            "39.8"
        ],
        "a2": -0.046857142857141376,
        "a1": 4.326285714285474,
        "a0": -23.755428571419877
    }
}