{
    "1": {
        "survival data": [
            "99.8",
            "99.6",
            "98.7"
        ],
        "a2": -0.0023428571428570355,
        "a1": 0.2333142857142697,
        "a0": 94.26422857142911
    },
    "2": {
        "survival data": [
            "99.6",
            "99.2",
            "98.6"
        ],
        "a2": -0.0012571428571428456,
        "a1": 0.11348571428571175,
        "a0": 97.08617142857153
    },
    "3": {
        "survival data": [
            "99.4",
            "99.2",
            "98.6"
        ],
        "a2": -0.001485714285714257,
        "a1": 0.14502857142856537,
        "a0": 96.0036571428574
    },
    "4": {
        "survival data": [
            "99.3",
            "99.2",
            "98.6"
        ],
        "a2": -0.0015999999999999348,
        "a1": 0.1607999999999944,
        "a0": 95.4624000000001
    },
    "5": {
        "survival data": [
            "99.1",
            "99.2",
            "98.2"
        ],
        "a2": -0.0029714285714284583,
        "a1": 0.3100571428571268,
        "a0": 91.52731428571481
    },
    "6": {
        "survival data": [
            "99.0",
            "99.2",
            "97.7"
        ],
        "a2": -0.004514285714285526,
        "a1": 0.47297142857140245,
        "a0": 87.4203428571437
    },
    "7": {
        "survival data": [
            "99.0",
            "99.0",
            "97.1"
        ],
        "a2": -0.005428571428571227,
        "a1": 0.5591428571428273,
        "a0": 85.45028571428674
    },
    "8": {
        "survival data": [
            "99.0",
            "98.9",
            "97.1"
        ],
        "a2": -0.005028571428571271,
        "a1": 0.5139428571428326,
        "a0": 86.60468571428657
    },
    "9": {
        "survival data": [
            "99.0",
            "98.9",
            "94.3"
        ],
        "a2": -0.013028571428570945,
        "a1": 1.3379428571427854,
        "a0": 66.63668571428815
    },
    "10": {
        "survival data": [
            "99.0",
            "98.9",
            "93.6"
        ],
        "a2": -0.015028571428570725,
        "a1": 1.5439428571427753,
        "a0": 61.64468571428794
    }
}