{
    "1": {
        "survival data": [
            "99.0",
            "96.8",
            "86.8"
        ],
        "a2": -0.026057142857141447,
        "a1": 2.595885714285569,
        "a0": 37.39337142857478
    },
    "2": {
        "survival data": [
            "98.2",
            "94.6",
            "85.0"
        ],
        "a2": -0.023314285714284733,
        "a1": 2.257371428571299,
        "a0": 45.62354285714687
    },
    "3": {
        "survival data": [
            "97.5",
            "94.0",
            "85.0"
        ],
        "a2": -0.02171428571428491,
        "a1": 2.096571428571311,
        "a0": 48.76114285714684
    },
    "4": {
        "survival data": [
            "97.0",
            "93.8",
            "85.0"
        ],
        "a2": -0.021485714285713442,
        "a1": 2.0850285714284538,
        "a0": 48.36365714286096
    },
    "5": {
        "survival data": [
            "96.8",
            "93.6",
            "84.6"
        ],
        "a2": -0.022057142857141887,
        "a1": 2.143885714285594,
        "a0": 46.737371428574946
    },
    "6": {
        "survival data": [
            "96.7",
            "92.6",
            "79.8"
        ],
        "a2": -0.03188571428571274,
        "a1": 3.120228571428394,
        "a0": 23.509257142861912
    },
    "7": {
        "survival data": [
            "96.5",
            "92.5",
            "79.8"
        ],
        "a2": -0.031714285714284696,
        "a1": 3.1065714285712542,
        "a0": 23.581142857149388
    },
    "8": {
        "survival data": [
            "96.5",
            "91.9",
            "79.8"
        ],
        "a2": -0.029314285714284072,
        "a1": 2.8353714285712734,
        "a0": 30.50754285714592
    },
    "9": {
        "survival data": [
            "96.5",
            "91.8",
            "79.8"
        ],
        "a2": -0.02891428571428456,
        "a1": 2.7901714285712718,
        "a0": 31.66194285714785
    },
    "10": {
        "survival data": [
            "96.1",
            "91.5",
            "79.8"
        ],
        "a2": -0.028171428571427626,
        "a1": 2.7176571428569933,
        "a0": 32.96011428571961
    }
}