{
    "1": {
        "survival data": [
            "97.6",
            "90.4",
            "83.9"
        ],
        "a2": -0.010342857142856765,
        "a1": 0.7773142857142439,
        "a0": 83.01622857142962
    },
    "2": {
        "survival data": [
            "95.8",
            "86.9",
            "73.6"
        ],
        "a2": -0.027828571428570203,
        "a1": 2.5103428571427213,
        "a0": 40.223885714289196
    },
    "3": {
        "survival data": [
            "94.5",
            "85.0",
            "73.6"
        ],
        "a2": -0.02171428571428491,
        "a1": 1.8565714285713257,
        "a0": 55.12114285714594
    },
    "4": {
        "survival data": [
            "93.6",
            "82.6",
            "73.6"
        ],
        "a2": -0.013142857142856679,
        "a1": 0.9137142857142349,
        "a0": 77.95542857142985
    },
    "5": {
        "survival data": [
            "93.2",
            "82.1",
            "72.3"
        ],
        "a2": -0.01531428571428517,
        "a1": 1.133371428571362,
        "a0": 72.29154285714478
    },
    "6": {
        "survival data": [
            "93.1",
            "81.2",
            "71.3"
        ],
        "a2": -0.014685714285713747,
        "a1": 1.036628571428515,
        "a0": 75.00845714285848
    },
    "7": {
        "survival data": [
            "93.1",
            "81.2",
            "71.3"
        ],
        "a2": -0.014685714285713747,
        "a1": 1.036628571428515,
        "a0": 75.00845714285848
    },
    "8": {
        "survival data": [
            "93.1",
            "80.5",
            "71.3"
        ],
        "a2": -0.011885714285714055,
        "a1": 0.7202285714285321,
        "a0": 83.0892571428586
    },
    "9": {
        "survival data": [
            "93.1",
            "80.0",
            "71.3"
        ],
        "a2": -0.009885714285714109,
        "a1": 0.49422857142854587,
        "a0": 88.86125714285798
    },
    "10": {
        "survival data": [
            "92.8",
            "78.9",
            "70.7"
        ],
        "a2": -0.007542857142857073,
        "a1": 0.22091428571427507,
        "a0": 95.65702857142894
    }
}