{
    "1": {
        "survival data": [
            "75.0",
            "36.3",
            "17.4",
            "18.5"
        ],
        "a2": 0.019176061674155864,
        "a1": -2.6757135911555476,
        "a0": 110.97558586844227
    },
    "2": {
        "survival data": [
            "61.5",
            "20.4",
            "7.7",
            "7.9"
        ],
        "a2": 0.02236368543374878,
        "a1": -2.8839161330415597,
        "a0": 99.5249264512027
    },
    "3": {
        "survival data": [
            "57.2",
            "13.9",
            "4.6",
            "4.8"
        ],
        "a2": 0.025017144021353577,
        "a1": -3.0863237245008612,
        "a0": 97.4825297676214
    },
    "4": {
        "survival data": [
            "53.2",
            "10.9",
            "3.3",
            "3.3"
        ],
        "a2": 0.024841777898019224,
        "a1": -3.0235463500448136,
        "a0": 92.51541423970565
    },
    "5": {
        "survival data": [
            "52.8",
            "9.7",
            "2.6",
            "2.5"
        ],
        "a2": 0.02547578752195534,
        "a1": -3.0836946515348362,
        "a0": 92.8336024802995
    },
    "6": {
        "survival data": [
            "52.3",
            "9.3",
            "2.4",
            "2.1"
        ],
        "a2": 0.025348891666386653,
        "a1": -3.0693255306839573,
        "a0": 92.12793650278891
    },
    "7": {
        "survival data": [
            "51.2",
            "8.5",
            "2.1",
            "1.8"
        ],
        "a2": 0.02533273491046506,
        "a1": -3.053189446148901,
        "a0": 90.77411998598637
    },
    "8": {
        "survival data": [
            "51.2",
            "7.7",
            "1.9",
            "1.7"
        ],
        "a2": 0.026136084535056447,
        "a1": -3.123914519019671,
        "a0": 91.62084572100198
    },
    "9": {
        "survival data": [
            "50.5",
            "7.7",
            "1.7",
            "1.3"
        ],
        "a2": 0.025474662998514308,
        "a1": -3.0606166026623884,
        "a0": 90.1290379734984
    },
    "10": {
        "survival data": [
            "50.5",
            "6.9",
            "1.6",
            "1.1"
        ],
        "a2": 0.026180417218039764,
        "a1": -3.1231444222147404,
        "a0": 90.85844174786405
    }
}