{
    "1": {
        "survival data": [
            "93.1",
            "81.4",
            "70.7",
            "69.5"
        ],
        "a2": 0.002986069469750552,
        "a1": -0.6776840175120987,
        "a0": 102.75474927592155
    },
    "2": {
        "survival data": [
            "90.1",
            "72.1",
            "56.1",
            "54.4"
        ],
        "a2": 0.004857051572298099,
        "a1": -1.0549417314948335,
        "a0": 105.06917568793453
    },
    "3": {
        "survival data": [
            "88.6",
            "65.7",
            "46.9",
            "44.8"
        ],
        "a2": 0.006779156494965299,
        "a1": -1.3635741555407002,
        "a0": 107.7699361634493
    },
    "4": {
        "survival data": [
            "87.3",
            "62.0",
            "41.2",
            "38.4"
        ],
        "a2": 0.007158719538230107,
        "a1": -1.483603469220886,
        "a0": 108.18236958918044
    },
    "5": {
        "survival data": [
            "86.6",
            "59.1",
            "37.0",
            "33.4"
        ],
        "a2": 0.007592309318031676,
        "a1": -1.5925443368171748,
        "a0": 108.98468895185376
    },
    "6": {
        "survival data": [
            "86.4",
            "57.7",
            "34.1",
            "29.5"
        ],
        "a2": 0.0071689593163946075,
        "a1": -1.6161024083653097,
        "a0": 109.21334521579634
    },
    "7": {
        "survival data": [
            "86.1",
            "54.3",
            "32.0",
            "27.0"
        ],
        "a2": 0.009388718979275623,
        "a1": -1.8410056745436358,
        "a0": 111.65289202623413
    },
    "8": {
        "survival data": [
            "85.8",
            "53.2",
            "30.3",
            "24.7"
        ],
        "a2": 0.009294464070317643,
        "a1": -1.8645990958169063,
        "a0": 111.70207051224773
    },
    "9": {
        "survival data": [
            "85.4",
            "52.2",
            "28.9",
            "22.9"
        ],
        "a2": 0.009275075963211421,
        "a1": -1.8852357943748366,
        "a0": 111.59749069208544
    },
    "10": {
        "survival data": [
            "84.9",
            "50.5",
            "27.8",
            "21.4"
        ],
        "a2": 0.010005447323848227,
        "a1": -1.961939842626151,
        "a0": 112.01269924322669
    }
}