{
    "1": {
        "survival data": [
            "88.6",
            "52.6",
            "41.9",
            "41.4"
        ],
        "a2": 0.019290184266394395,
        "a1": -2.4994138156964336,
        "a0": 121.51528677166587
    },
    "2": {
        "survival data": [
            "85.2",
            "38.3",
            "26.1",
            "25.7"
        ],
        "a2": 0.025922663215480757,
        "a1": -3.2886782318388628,
        "a0": 128.3333795600626
    },
    "3": {
        "survival data": [
            "82.2",
            "32.5",
            "18.9",
            "18.3"
        ],
        "a2": 0.027111820295860234,
        "a1": -3.4687601368344834,
        "a0": 127.76259104091866
    },
    "4": {
        "survival data": [
            "80.9",
            "27.5",
            "15.3",
            "13.8"
        ],
        "a2": 0.029424819489180187,
        "a1": -3.715555390551766,
        "a0": 129.4641320018494
    },
    "5": {
        "survival data": [
            "79.1",
            "25.8",
            "13.2",
            "11.4"
        ],
        "a2": 0.02901595599541107,
        "a1": -3.6893542093391147,
        "a0": 127.3633545592619
    },
    "6": {
        "survival data": [
            "78.3",
            "22.9",
            "11.9",
            "9.9"
        ],
        "a2": 0.030825072771548445,
        "a1": -3.853597499324267,
        "a0": 128.5031365604685
    },
    "7": {
        "survival data": [
            "77.9",
            "21.7",
            "10.9",
            "8.7"
        ],
        "a2": 0.03128473165066925,
        "a1": -3.9054830175460102,
        "a0": 128.74303663663983
    },
    "8": {
        "survival data": [
            "76.9",
            "20.6",
            "10.2",
            "7.9"
        ],
        "a2": 0.03142665973871894,
        "a1": -3.9129101740594976,
        "a0": 127.79795462415065
    },
    "9": {
        "survival data": [
            "76.3",
            "20.6",
            "9.6",
            "7.4"
        ],
        "a2": 0.030887123313585008,
        "a1": -3.866295366665559,
        "a0": 126.66206218415803
    },
    "10": {
        "survival data": [
            "76.3",
            "20.3",
            "9.2",
            "6.7"
        ],
        "a2": 0.030846567706396932,
        "a1": -3.8731099688008954,
        "a0": 126.75391517719287
    }
}