{
    "1": {
        "survival data": [
            "78.0",
            "61.1",
            "35.5",
            "33.0"
        ],
        "a2": 0.00016253994125292603,
        "a1": -0.822198922904937,
        "a0": 90.90564153566183
    },
    "2": {
        "survival data": [
            "69.3",
            "52.4",
            "23.7",
            "20.9"
        ],
        "a2": -0.0011497028446809665,
        "a1": -0.771235874414494,
        "a0": 81.84740617092051
    },
    "3": {
        "survival data": [
            "65.4",
            "47.9",
            "17.6",
            "14.9"
        ],
        "a2": -0.0012658892681772782,
        "a1": -0.8010629954724175,
        "a0": 78.48285746698366
    },
    "4": {
        "survival data": [
            "65.4",
            "44.4",
            "14.1",
            "11.5"
        ],
        "a2": 0.0010818907737144556,
        "a1": -1.0634134313740724,
        "a0": 81.83263476173042
    },
    "5": {
        "survival data": [
            "63.1",
            "41.4",
            "12.0",
            "9.7"
        ],
        "a2": 0.002061152246251474,
        "a1": -1.1397331671242898,
        "a0": 80.42516174119736
    },
    "6": {
        "survival data": [
            "63.1",
            "39.8",
            "10.6",
            "7.9"
        ],
        "a2": 0.002908725408904189,
        "a1": -1.2411246855054479,
        "a0": 81.69374635976709
    },
    "7": {
        "survival data": [
            "60.5",
            "38.6",
            "9.5",
            "6.9"
        ],
        "a2": 0.0020989130819444313,
        "a1": -1.1439451788206572,
        "a0": 77.84549401802977
    },
    "8": {
        "survival data": [
            "60.5",
            "38.0",
            "8.9",
            "6.2"
        ],
        "a2": 0.002423215720307681,
        "a1": -1.1834214320276133,
        "a0": 78.34773985671485
    },
    "9": {
        "survival data": [
            "60.5",
            "38.0",
            "8.3",
            "5.7"
        ],
        "a2": 0.002274715784967851,
        "a1": -1.1809763840154235,
        "a0": 78.3755581191738
    },
    "10": {
        "survival data": [
            "60.5",
            "37.2",
            "7.9",
            "5.7"
        ],
        "a2": 0.0032065223682586907,
        "a1": -1.2634024573482399,
        "a0": 79.39546291172755
    }
}