{
    "1": {
        "survival data": [
            "76.2",
            "74.1",
            "64.9"
        ],
        "a2": -0.023885714285713178,
        "a1": 2.3762285714284337,
        "a0": 19.857257142861187
    },
    "2": {
        "survival data": [
            "65.8",
            "63.5",
            "53.7"
        ],
        "a2": -0.025371428571427046,
        "a1": 2.5212571428570016,
        "a0": 6.060914285716976
    },
    "3": {
        "survival data": [
            "57.9",
            "57.8",
            "46.7"
        ],
        "a2": -0.031599999999998296,
        "a1": 3.2507999999998156,
        "a0": -20.817599999995437
    },
    "4": {
        "survival data": [
            "52.2",
            "53.0",
            "42.2"
        ],
        "a2": -0.03177142857142723,
        "a1": 3.3044571428569567,
        "a0": -28.3494857142797
    },
    "5": {
        "survival data": [
            "50.0",
            "49.7",
            "38.1"
        ],
        "a2": -0.032799999999998164,
        "a1": 3.3663999999998127,
        "a0": -31.40079999999574
    },
    "6": {
        "survival data": [
            "47.5",
            "47.0",
            "35.6"
        ],
        "a2": -0.031999999999998696,
        "a1": 3.2759999999998164,
        "a0": -31.591999999993995
    },
    "7": {
        "survival data": [
            "46.6",
            "44.9",
            "33.4"
        ],
        "a2": -0.030914285714284784,
        "a1": 3.1161714285712536,
        "a0": -27.910057142850256
    },
    "8": {
        "survival data": [
            "44.5",
            "42.0",
            "29.8"
        ],
        "a2": -0.03199999999999825,
        "a1": 3.195999999999821,
        "a0": -31.471999999995916
    },
    "9": {
        "survival data": [
            "43.4",
            "39.7",
            "26.9"
        ],
        "a2": -0.032342857142855674,
        "a1": 3.18331428571411,
        "a0": -31.55577142856648
    },
    "10": {
        "survival data": [
            "42.1",
            "37.6",
            "26.2"
        ],
        "a2": -0.027428571428570248,
        "a1": 2.645142857142709,
        "a0": -19.341714285709934
    }
}