{
    "1": {
        "survival data": [
            "98.7",
            "95.7",
            "92.8"
        ],
        "a2": -0.004857142857142671,
        "a1": 0.3802857142856945,
        "a0": 91.2565714285719
    },
    "2": {
        "survival data": [
            "97.8",
            "93.7",
            "90.6"
        ],
        "a2": -0.004171428571428437,
        "a1": 0.26565714285713116,
        "a0": 93.7841142857145
    },
    "3": {
        "survival data": [
            "96.5",
            "92.6",
            "88.3"
        ],
        "a2": -0.007828571428571074,
        "a1": 0.6503428571428189,
        "a0": 83.04388571428665
    },
    "4": {
        "survival data": [
            "95.5",
            "91.3",
            "86.1"
        ],
        "a2": -0.010057142857142432,
        "a1": 0.867885714285666,
        "a0": 76.94937142857269
    },
    "5": {
        "survival data": [
            "94.5",
            "89.7",
            "84.1"
        ],
        "a2": -0.010514285714285365,
        "a1": 0.8909714285713813,
        "a0": 75.74434285714435
    },
    "6": {
        "survival data": [
            "94.4",
            "88.3",
            "82.5"
        ],
        "a2": -0.009599999999999498,
        "a1": 0.7447999999999562,
        "a0": 79.95440000000073
    },
    "7": {
        "survival data": [
            "93.0",
            "86.5",
            "81.3"
        ],
        "a2": -0.007428571428571229,
        "a1": 0.5051428571428295,
        "a0": 84.59828571428662
    },
    "8": {
        "survival data": [
            "92.7",
            "85.4",
            "80.2"
        ],
        "a2": -0.006514285714285528,
        "a1": 0.3789714285714087,
        "a0": 87.82834285714335
    },
    "9": {
        "survival data": [
            "91.9",
            "83.7",
            "79.1"
        ],
        "a2": -0.0037714285714285575,
        "a1": 0.060457142857141155,
        "a0": 95.27851428571434
    },
    "10": {
        "survival data": [
            "91.2",
            "82.3",
            "77.5"
        ],
        "a2": -0.003542857142857121,
        "a1": 0.008914285714282884,
        "a0": 96.24102857142866
    }
}