{
    "1": {
        "survival data": [
            "94.9",
            "93.3",
            "88.9"
        ],
        "a2": -0.010742857142856721,
        "a1": 1.0425142857142236,
        "a0": 70.58182857143069
    },
    "2": {
        "survival data": [
            "90.3",
            "88.1",
            "82.9"
        ],
        "a2": -0.012342857142856767,
        "a1": 1.183314285714216,
        "a0": 62.924228571431264
    },
    "3": {
        "survival data": [
            "86.1",
            "84.9",
            "79.6"
        ],
        "a2": -0.013771428571428102,
        "a1": 1.370457142857071,
        "a0": 53.59851428571678
    },
    "4": {
        "survival data": [
            "82.5",
            "82.6",
            "77.3"
        ],
        "a2": -0.01525714285714197,
        "a1": 1.5754857142856247,
        "a0": 44.26217142857343
    },
    "5": {
        "survival data": [
            "80.8",
            "80.6",
            "75.1"
        ],
        "a2": -0.015485714285713437,
        "a1": 1.5870285714284824,
        "a0": 42.45965714285924
    },
    "6": {
        "survival data": [
            "79.9",
            "78.8",
            "71.7"
        ],
        "a2": -0.01902857142857073,
        "a1": 1.9159428571427461,
        "a0": 34.12068571428968
    },
    "7": {
        "survival data": [
            "79.6",
            "77.7",
            "70.1"
        ],
        "a2": -0.019542857142856196,
        "a1": 1.9369142857141817,
        "a0": 33.7850285714312
    },
    "8": {
        "survival data": [
            "78.6",
            "76.3",
            "68.4"
        ],
        "a2": -0.019942857142856152,
        "a1": 1.962114285714174,
        "a0": 32.41062857143149
    },
    "9": {
        "survival data": [
            "78.4",
            "74.8",
            "66.6"
        ],
        "a2": -0.01931428571428495,
        "a1": 1.845371428571324,
        "a0": 35.80754285714619
    },
    "10": {
        "survival data": [
            "77.3",
            "74.1",
            "65.3"
        ],
        "a2": -0.021485714285713442,
        "a1": 2.0850285714284538,
        "a0": 28.663657142860956
    }
}