{
    "1": {
        "survival data": [
            "93.2",
            "87.0",
            "77.9"
        ],
        "a2": -0.018914285714284995,
        "a1": 1.7001714285713307,
        "a0": 55.66194285714599
    },
    "2": {
        "survival data": [
            "89.7",
            "83.4",
            "72.9"
        ],
        "a2": -0.02279999999999882,
        "a1": 2.0963999999998832,
        "a0": 42.619200000002536
    },
    "3": {
        "survival data": [
            "87.0",
            "80.5",
            "68.6"
        ],
        "a2": -0.026571428571427358,
        "a1": 2.476857142857005,
        "a0": 30.817714285717926
    },
    "4": {
        "survival data": [
            "85.1",
            "77.8",
            "67.1"
        ],
        "a2": -0.022228571428570376,
        "a1": 1.997542857142746,
        "a0": 41.00548571428837
    },
    "5": {
        "survival data": [
            "84.0",
            "75.1",
            "63.7"
        ],
        "a2": -0.02239999999999931,
        "a1": 1.9511999999998861,
        "a0": 41.973600000004154
    },
    "6": {
        "survival data": [
            "84.0",
            "72.8",
            "60.6"
        ],
        "a2": -0.022057142857141887,
        "a1": 1.82388571428561,
        "a0": 46.417371428573986
    },
    "7": {
        "survival data": [
            "83.0",
            "71.8",
            "59.0"
        ],
        "a2": -0.023771428571427666,
        "a1": 2.0004571428570297,
        "a0": 41.13851428571762
    },
    "8": {
        "survival data": [
            "83.0",
            "70.4",
            "55.6"
        ],
        "a2": -0.02788571428571318,
        "a1": 2.3682285714284403,
        "a0": 33.05325714286079
    },
    "9": {
        "survival data": [
            "78.0",
            "69.0",
            "52.0"
        ],
        "a2": -0.03828571428571248,
        "a1": 3.5834285714283705,
        "a0": -3.52114285713769
    },
    "10": {
        "survival data": [
            "76.0",
            "67.2",
            "48.3"
        ],
        "a2": -0.04394285714285573,
        "a1": 4.1741142857140545,
        "a0": -19.953371428563038
    }
}