{
    "1": {
        "survival data": [
            "80.0",
            "47.3",
            "23.9",
            "18.7"
        ],
        "a2": 0.016128059013325924,
        "a1": -2.6411174183978003,
        "a0": 126.21008729605295
    },
    "2": {
        "survival data": [
            "65.9",
            "31.3",
            "9.8",
            "7.2"
        ],
        "a2": 0.020489821867368363,
        "a1": -3.0051077840175022,
        "a0": 117.67917768244583
    },
    "3": {
        "survival data": [
            "47.6",
            "25.1",
            "6.0",
            "4.2"
        ],
        "a2": 0.011603585681772666,
        "a1": -1.9065464467035513,
        "a0": 81.2824099399966
    },
    "4": {
        "survival data": [
            "42.1",
            "21.1",
            "4.6",
            "2.9"
        ],
        "a2": 0.01123625909221282,
        "a1": -1.788717543292253,
        "a0": 73.48475757044298
    },
    "5": {
        "survival data": [
            "39.1",
            "19.0",
            "3.7",
            "2.4"
        ],
        "a2": 0.011180707483727126,
        "a1": -1.73678726059258,
        "a0": 69.4618048065656
    },
    "6": {
        "survival data": [
            "32.6",
            "16.5",
            "3.2",
            "2.1"
        ],
        "a2": 0.008574546951215511,
        "a1": -1.3791178118187766,
        "a0": 56.88473520449478
    },
    "7": {
        "survival data": [
            "32.6",
            "15.9",
            "2.9",
            "1.9"
        ],
        "a2": 0.009263521641241335,
        "a1": -1.4458078757875032,
        "a0": 57.91462432683787
    },
    "8": {
        "survival data": [
            "32.6",
            "15.3",
            "2.6",
            "1.7"
        ],
        "a2": 0.009952496331266936,
        "a1": -1.5124979397562301,
        "a0": 58.94451344918161
    },
    "9": {
        "survival data": [
            "32.6",
            "14.6",
            "2.4",
            "1.5"
        ],
        "a2": 0.010708169700058612,
        "a1": -1.5840737680080543,
        "a0": 60.02338448370327
    },
    "10": {
        "survival data": [
            "32.6",
            "14.4",
            "2.2",
            "1.4"
        ],
        "a2": 0.010960779461952619,
        "a1": -1.6097497928352291,
        "a0": 60.437117708079676
    }
}