{
    "1": {
        "survival data": [
            "98.3",
            "97.0",
            "74.7",
            "62.6"
        ],
        "a2": -0.015227072703416722,
        "a1": 0.7375293657720507,
        "a0": 90.83359265725917
    },
    "2": {
        "survival data": [
            "98.3",
            "95.5",
            "61.6",
            "49.4"
        ],
        "a2": -0.018477401874580246,
        "a1": 0.76981052110744,
        "a0": 91.53090359096768
    },
    "3": {
        "survival data": [
            "98.3",
            "94.2",
            "56.1",
            "43.4"
        ],
        "a2": -0.01947046191123314,
        "a1": 0.7475467859631415,
        "a0": 92.20942625160338
    },
    "4": {
        "survival data": [
            "98.3",
            "93.5",
            "53.4",
            "40.6"
        ],
        "a2": -0.019798432480470307,
        "a1": 0.7245040868158305,
        "a0": 92.69346853633087
    },
    "5": {
        "survival data": [
            "98.3",
            "92.7",
            "51.7",
            "39.3"
        ],
        "a2": -0.019332965768513954,
        "a1": 0.6575448808881419,
        "a0": 93.64047235937943
    },
    "6": {
        "survival data": [
            "98.3",
            "91.9",
            "50.5",
            "38.3"
        ],
        "a2": -0.018821605270442743,
        "a1": 0.5940238921542158,
        "a0": 94.49258528931537
    },
    "7": {
        "survival data": [
            "98.3",
            "90.4",
            "49.1",
            "37.0"
        ],
        "a2": -0.01774140789673423,
        "a1": 0.47771622849389117,
        "a0": 95.96893467610272
    },
    "8": {
        "survival data": [
            "98.3",
            "88.7",
            "48.1",
            "36.4"
        ],
        "a2": -0.01611542968536822,
        "a1": 0.325466238994964,
        "a0": 97.85122882299112
    },
    "9": {
        "survival data": [
            "98.3",
            "88.0",
            "46.9",
            "36.0"
        ],
        "a2": -0.015304711124811216,
        "a1": 0.24233559880708005,
        "a0": 98.97257138491351
    },
    "10": {
        "survival data": [
            "98.3",
            "87.2",
            "45.2",
            "35.0"
        ],
        "a2": -0.014639042858565127,
        "a1": 0.16129587435501702,
        "a0": 100.10396979926921
    }
}