{
    "1": {
        "survival data": [
            "100.0",
            "82.3",
            "62.7",
            "56.2"
        ],
        "a2": 0.00016690573814504006,
        "a1": -0.7647372302921065,
        "a0": 111.53512726793971
    },
    "2": {
        "survival data": [
            "100.0",
            "66.9",
            "35.9",
            "31.2"
        ],
        "a2": 0.007315276353288658,
        "a1": -1.8472783026839041,
        "a0": 126.47078408719715
    },
    "3": {
        "survival data": [
            "95.5",
            "59.7",
            "24.6",
            "20.8"
        ],
        "a2": 0.008204781010634932,
        "a1": -2.0395036551971844,
        "a0": 124.8307475798733
    },
    "4": {
        "survival data": [
            "89.9",
            "56.9",
            "19.6",
            "15.6"
        ],
        "a2": 0.005457285803915468,
        "a1": -1.7978164003805146,
        "a0": 116.35379703608588
    },
    "5": {
        "survival data": [
            "89.9",
            "54.0",
            "16.8",
            "13.3"
        ],
        "a2": 0.007716837059528636,
        "a1": -2.035960860630748,
        "a0": 119.39133085033964
    },
    "6": {
        "survival data": [
            "89.9",
            "52.4",
            "15.1",
            "11.7"
        ],
        "a2": 0.00879046258594629,
        "a1": -2.1572506327923704,
        "a0": 120.95041648709875
    },
    "7": {
        "survival data": [
            "89.9",
            "50.1",
            "13.9",
            "10.5"
        ],
        "a2": 0.01068403107256577,
        "a1": -2.339655393098538,
        "a0": 123.17299294890498
    },
    "8": {
        "survival data": [
            "89.9",
            "48.3",
            "12.9",
            "9.7"
        ],
        "a2": 0.012277586627166048,
        "a1": -2.491069755842671,
        "a0": 125.03191691888188
    },
    "9": {
        "survival data": [
            "89.9",
            "47.3",
            "12.2",
            "9.0"
        ],
        "a2": 0.013036931003539642,
        "a1": -2.5682552985724088,
        "a0": 125.9882580569602
    },
    "10": {
        "survival data": [
            "89.9",
            "45.8",
            "11.6",
            "8.5"
        ],
        "a2": 0.01440410675960857,
        "a1": -2.694081034482042,
        "a0": 127.50946957882553
    }
}