{
    "1": {
        "survival data": [
            "86.0",
            "40.2",
            "28.9"
        ],
        "a2": 0.020057142857140775,
        "a1": -3.8978857142854983,
        "a0": 207.51062857142352
    },
    "2": {
        "survival data": [
            "80.4",
            "26.1",
            "16.4"
        ],
        "a2": 0.03434285714285412,
        "a1": -5.709314285713965,
        "a0": 250.8277714285637
    },
    "3": {
        "survival data": [
            "76.6",
            "20.3",
            "12.4"
        ],
        "a2": 0.04177142857142613,
        "a1": -6.554457142856775,
        "a0": 268.689485714273
    },
    "4": {
        "survival data": [
            "74.2",
            "18.0",
            "10.2"
        ],
        "a2": 0.04194285714285417,
        "a1": -6.568114285713921,
        "a0": 266.56137142856096
    },
    "5": {
        "survival data": [
            "71.7",
            "16.0",
            "9.0"
        ],
        "a2": 0.04365714285713995,
        "a1": -6.724685714285338,
        "a0": 267.5602285714171
    },
    "6": {
        "survival data": [
            "69.7",
            "14.7",
            "8.4"
        ],
        "a2": 0.04485714285713893,
        "a1": -6.820285714285333,
        "a0": 267.46342857142065
    },
    "7": {
        "survival data": [
            "66.7",
            "14.0",
            "7.4"
        ],
        "a2": 0.04137142857142617,
        "a1": -6.369257142856789,
        "a0": 252.17508571427368
    },
    "8": {
        "survival data": [
            "65.9",
            "13.5",
            "6.6"
        ],
        "a2": 0.040171428571425416,
        "a1": -6.233657142856793,
        "a0": 247.91188571427674
    },
    "9": {
        "survival data": [
            "64.2",
            "12.9",
            "6.4"
        ],
        "a2": 0.04005714285714035,
        "a1": -6.1778857142853685,
        "a0": 244.21062857141746
    },
    "10": {
        "survival data": [
            "61.1",
            "12.1",
            "6.3"
        ],
        "a2": 0.03942857142856848,
        "a1": -6.021142857142522,
        "a0": 235.9537142857054
    }
}