{
    "1": {
        "survival data": [
            "54.1",
            "36.5",
            "20.5"
        ],
        "a2": -0.02559999999999918,
        "a1": 1.9327999999998913,
        "a0": 17.658400000003383
    },
    "2": {
        "survival data": [
            "20.9",
            "14.6",
            "6.7"
        ],
        "a2": -0.015371428571427925,
        "a1": 1.3312571428570679,
        "a0": -7.639085714283675
    },
    "3": {
        "survival data": [
            "17.2",
            "8.1",
            "2.6"
        ],
        "a2": -0.005314285714285633,
        "a1": 0.18337142857141778,
        "a0": 18.131542857143188
    },
    "4": {
        "survival data": [
            "12.9",
            "7.1",
            "1.6"
        ],
        "a2": -0.00908571428571403,
        "a1": 0.7038285714285314,
        "a0": -0.7299428571414408
    },
    "5": {
        "survival data": [
            "12.9",
            "6.0",
            "1.1"
        ],
        "a2": -0.006114285714285517,
        "a1": 0.3537714285714081,
        "a0": 8.402742857143334
    },
    "6": {
        "survival data": [
            "10.8",
            "4.0",
            "0.6"
        ],
        "a2": -0.0019428571428571628,
        "a1": -0.07188571428571056,
        "a0": 16.558628571428425
    },
    "7": {
        "survival data": [
            "10.8",
            "3.5",
            "0.6"
        ],
        "a2": 5.714285714275569e-05,
        "a1": -0.2978857142856979,
        "a0": 22.33062857142798
    },
    "8": {
        "survival data": [
            "10.8",
            "3.5",
            "0.6"
        ],
        "a2": 5.714285714275569e-05,
        "a1": -0.2978857142856979,
        "a0": 22.33062857142798
    },
    "9": {
        "survival data": [
            "8.1",
            "3.5",
            "0.6"
        ],
        "a2": -0.0030285714285713944,
        "a1": 0.12794285714285006,
        "a0": 7.716685714286005
    },
    "10": {
        "survival data": [
            "8.1",
            "3.5",
            "0.6"
        ],
        "a2": -0.0030285714285713944,
        "a1": 0.12794285714285006,
        "a0": 7.716685714286005
    }
}