{
    "1": {
        "survival data": [
            "56.1",
            "79.8",
            "57.5",
            "38.3"
        ],
        "a2": -0.03625836322966958,
        "a1": 2.9111749450883786,
        "a0": 20.78164139410788
    },
    "2": {
        "survival data": [
            "30.0",
            "53.4",
            "25.3",
            "14.9"
        ],
        "a2": -0.03227085933104634,
        "a1": 2.545067545823384,
        "a0": 0.04715427767321145
    },
    "3": {
        "survival data": [
            "21.9",
            "39.0",
            "13.7",
            "7.7"
        ],
        "a2": -0.024224262387038342,
        "a1": 1.8414575477516488,
        "a0": 0.7275881320458346
    },
    "4": {
        "survival data": [
            "19.8",
            "31.8",
            "8.9",
            "5.0"
        ],
        "a2": -0.018638106196685822,
        "a1": 1.3388967465882553,
        "a0": 4.844477647286276
    },
    "5": {
        "survival data": [
            "17.6",
            "27.0",
            "6.4",
            "3.6"
        ],
        "a2": -0.015384479525900607,
        "a1": 1.0685014302945515,
        "a0": 5.892316164397295
    },
    "6": {
        "survival data": [
            "15.6",
            "23.7",
            "5.1",
            "2.8"
        ],
        "a2": -0.013486118584965512,
        "a1": 0.9255375734702055,
        "a0": 5.533169009590049
    },
    "7": {
        "survival data": [
            "14.8",
            "21.8",
            "4.2",
            "2.2"
        ],
        "a2": -0.012210293821437901,
        "a1": 0.8185815724343262,
        "a0": 6.007110890910889
    },
    "8": {
        "survival data": [
            "13.5",
            "20.0",
            "3.6",
            "1.8"
        ],
        "a2": -0.011320494803543801,
        "a1": 0.7581093188926584,
        "a0": 5.367092739779578
    },
    "9": {
        "survival data": [
            "13.5",
            "19.3",
            "3.1",
            "1.6"
        ],
        "a2": -0.010592339415571694,
        "a1": 0.6901178963605856,
        "a0": 6.220365351051999
    },
    "10": {
        "survival data": [
            "13.5",
            "18.6",
            "2.8",
            "1.5"
        ],
        "a2": -0.009859173283439548,
        "a1": 0.6244404619409772,
        "a0": 7.023388632325295
    }
}