{
    "1": {
        "survival data": [
            "56.5",
            "66.7",
            "34.7",
            "20.2"
        ],
        "a2": -0.027803164078222364,
        "a1": 1.8121671948067342,
        "a0": 36.21002740860694
    },
    "2": {
        "survival data": [
            "32.4",
            "39.0",
            "13.5",
            "6.5"
        ],
        "a2": -0.018120206925542615,
        "a1": 1.1178013383812937,
        "a0": 20.466661253520734
    },
    "3": {
        "survival data": [
            "24.3",
            "30.2",
            "6.4",
            "3.1"
        ],
        "a2": -0.014585016122027672,
        "a1": 0.8723843204388753,
        "a0": 15.393855736211286
    },
    "4": {
        "survival data": [
            "20.8",
            "22.7",
            "3.8",
            "1.7"
        ],
        "a2": -0.009419557380958288,
        "a1": 0.46329899126938395,
        "a0": 16.664286028491045
    },
    "5": {
        "survival data": [
            "20.8",
            "18.5",
            "2.9",
            "1.4"
        ],
        "a2": -0.005098113016590397,
        "a1": 0.08668759052000562,
        "a0": 21.164106435482257
    },
    "6": {
        "survival data": [
            "19.5",
            "16.2",
            "2.3",
            "1.1"
        ],
        "a2": -0.0036363549167969175,
        "a1": -0.021235097170394145,
        "a0": 21.0833509012558
    },
    "7": {
        "survival data": [
            "19.5",
            "14.2",
            "2.0",
            "1.1"
        ],
        "a2": -0.001522869334014354,
        "a1": -0.20277405049704023,
        "a0": 23.24211320445155
    },
    "8": {
        "survival data": [
            "19.5",
            "13.2",
            "1.6",
            "0.9"
        ],
        "a2": -0.000522440361395593,
        "a1": -0.2929158826698503,
        "a0": 24.338207370721644
    },
    "9": {
        "survival data": [
            "19.5",
            "11.6",
            "1.5",
            "0.9"
        ],
        "a2": 0.0011251419297415022,
        "a1": -0.433241799330089,
        "a0": 25.987017277640692
    },
    "10": {
        "survival data": [
            "19.5",
            "10.7",
            "1.5",
            "0.9"
        ],
        "a2": 0.0020345473445864126,
        "a1": -0.5102042696831826,
        "a0": 26.88305323328551
    }
}