{
    "1": {
        "survival data": [
            "79.0",
            "49.9",
            "26.4"
        ],
        "a2": -0.03388571428571341,
        "a1": 2.3262285714284423,
        "a0": 39.817257142861514
    },
    "2": {
        "survival data": [
            "58.1",
            "25.3",
            "10.8"
        ],
        "a2": -0.003942857142857581,
        "a1": -0.9058857142856641,
        "a0": 99.42662857142724
    },
    "3": {
        "survival data": [
            "48.0",
            "15.1",
            "5.5"
        ],
        "a2": 0.010171428571427832,
        "a1": -2.3636571428570115,
        "a0": 124.7118857142807
    },
    "4": {
        "survival data": [
            "41.2",
            "10.6",
            "3.5"
        ],
        "a2": 0.014685714285712859,
        "a1": -2.73662857142842,
        "a0": 125.59154285713923
    },
    "5": {
        "survival data": [
            "35.3",
            "8.6",
            "2.5"
        ],
        "a2": 0.013085714285713479,
        "a1": -2.415828571428436,
        "a0": 109.61394285713784
    },
    "6": {
        "survival data": [
            "32.0",
            "7.8",
            "2.2"
        ],
        "a2": 0.0116571428571417,
        "a1": -2.1686857142855924,
        "a0": 98.84822857142566
    },
    "7": {
        "survival data": [
            "32.0",
            "7.2",
            "1.5"
        ],
        "a2": 0.012057142857141656,
        "a1": -2.2338857142855892,
        "a0": 100.78262857142563
    },
    "8": {
        "survival data": [
            "31.0",
            "6.4",
            "1.5"
        ],
        "a2": 0.014114285714284414,
        "a1": -2.437771428571293,
        "a0": 104.60525714285393
    },
    "9": {
        "survival data": [
            "30.0",
            "5.5",
            "1.5"
        ],
        "a2": 0.016571428571427127,
        "a1": -2.6868571428569936,
        "a0": 109.58228571428226
    },
    "10": {
        "survival data": [
            "25.4",
            "4.7",
            "1.5"
        ],
        "a2": 0.014514285714284814,
        "a1": -2.3229714285712983,
        "a0": 93.9196571428528
    }
}