{
    "1": {
        "survival data": [
            "85.8",
            "85.3",
            "82.0"
        ],
        "a2": -0.008857142857142342,
        "a1": 0.8922857142856635,
        "a0": 64.47257142857251
    },
    "2": {
        "survival data": [
            "61.2",
            "67.5",
            "64.9"
        ],
        "a2": -0.014628571428570769,
        "a1": 1.7587428571427568,
        "a0": 14.8590857142892
    },
    "3": {
        "survival data": [
            "33.5",
            "53.8",
            "52.3"
        ],
        "a2": -0.027485714285712337,
        "a1": 3.643028571428368,
        "a0": -66.77234285713806
    },
    "4": {
        "survival data": [
            "29.0",
            "44.1",
            "43.1"
        ],
        "a2": -0.020114285714285085,
        "a1": 2.6757714285712786,
        "a0": -44.76125714285063
    },
    "5": {
        "survival data": [
            "26.4",
            "37.3",
            "36.7"
        ],
        "a2": -0.014171428571427613,
        "a1": 1.895657142857036,
        "a0": -25.975885714282946
    },
    "6": {
        "survival data": [
            "26.4",
            "32.3",
            "31.8"
        ],
        "a2": -0.008171428571428052,
        "a1": 1.0776571428570811,
        "a0": -3.1998857142839974
    },
    "7": {
        "survival data": [
            "18.3",
            "28.5",
            "28.0"
        ],
        "a2": -0.013085714285713701,
        "a1": 1.7558285714284734,
        "a0": -30.273942857139243
    },
    "8": {
        "survival data": [
            "18.3",
            "25.4",
            "24.8"
        ],
        "a2": -0.009828571428570854,
        "a1": 1.2963428571427842,
        "a0": -17.30811428571211
    },
    "9": {
        "survival data": [
            "18.3",
            "22.8",
            "22.2"
        ],
        "a2": -0.00685714285714234,
        "a1": 0.8862857142856654,
        "a0": -5.835428571427602
    },
    "10": {
        "survival data": [
            "18.3",
            "21.0",
            "20.2"
        ],
        "a2": -0.0053714285714282495,
        "a1": 0.6612571428571061,
        "a0": 0.6809142857152573
    }
}