{
    "1": {
        "survival data": [
            "72.4",
            "63.0",
            "52.4"
        ],
        "a2": -0.019542857142856196,
        "a1": 1.636914285714193,
        "a0": 38.28502857143054
    },
    "2": {
        "survival data": [
            "49.3",
            "42.0",
            "33.8"
        ],
        "a2": -0.015085714285713925,
        "a1": 1.2618285714285018,
        "a0": 23.034057142859908
    },
    "3": {
        "survival data": [
            "35.6",
            "28.7",
            "22.8"
        ],
        "a2": -0.008971428571428297,
        "a1": 0.6480571428571059,
        "a0": 23.971314285715444
    },
    "4": {
        "survival data": [
            "28.1",
            "21.2",
            "16.8"
        ],
        "a2": -0.004685714285714182,
        "a1": 0.20662857142855914,
        "a0": 27.168457142857484
    },
    "5": {
        "survival data": [
            "23.7",
            "17.0",
            "13.4"
        ],
        "a2": -0.0026285714285714263,
        "a1": 0.0027428571428567833,
        "a0": 27.59108571428573
    },
    "6": {
        "survival data": [
            "21.1",
            "14.8",
            "11.6"
        ],
        "a2": -0.0019428571428571698,
        "a1": -0.05188571428571122,
        "a0": 26.078628571428492
    },
    "7": {
        "survival data": [
            "19.8",
            "13.3",
            "10.4"
        ],
        "a2": -0.0008571428571429451,
        "a1": -0.17171428571427597,
        "a0": 27.80057142857118
    },
    "8": {
        "survival data": [
            "18.3",
            "12.2",
            "9.5"
        ],
        "a2": -0.0007428571428572395,
        "a1": -0.1674857142857053,
        "a0": 25.9618285714284
    },
    "9": {
        "survival data": [
            "17.8",
            "11.4",
            "8.8"
        ],
        "a2": -0.00011428571428581669,
        "a1": -0.24422857142855808,
        "a0": 27.498742857142446
    },
    "10": {
        "survival data": [
            "16.9",
            "10.9",
            "8.3"
        ],
        "a2": -0.0005714285714286671,
        "a1": -0.1811428571428472,
        "a0": 24.833714285714052
    }
}