{
    "1": {
        "survival data": [
            "100.0",
            "97.1",
            "95.1",
            "91.4"
        ],
        "a2": -0.0012965887581391188,
        "a1": -0.016032261254580557,
        "a0": 100.33824643137451
    },
    "2": {
        "survival data": [
            "97.0",
            "92.2",
            "90.0",
            "85.5"
        ],
        "a2": -0.0006639219474894043,
        "a1": -0.1159755985027936,
        "a0": 98.62039587855536
    },
    "3": {
        "survival data": [
            "90.6",
            "87.3",
            "85.0",
            "80.1"
        ],
        "a2": -0.0019443208754877633,
        "a1": 0.014412583681904186,
        "a0": 90.55965190046122
    },
    "4": {
        "survival data": [
            "87.9",
            "83.4",
            "80.6",
            "75.8"
        ],
        "a2": -0.00127487553344581,
        "a1": -0.07267164610056573,
        "a0": 89.02049933471207
    },
    "5": {
        "survival data": [
            "84.6",
            "80.4",
            "77.1",
            "72.6"
        ],
        "a2": -0.0014495537130275807,
        "a1": -0.05871848977824603,
        "a0": 85.59499974036734
    },
    "6": {
        "survival data": [
            "84.6",
            "78.4",
            "74.2",
            "69.8"
        ],
        "a2": -0.0004022155757742729,
        "a1": -0.1999366959450587,
        "a0": 87.48503037701613
    },
    "7": {
        "survival data": [
            "84.6",
            "76.4",
            "72.2",
            "67.6"
        ],
        "a2": 0.0007677716873439877,
        "a1": -0.3377822148679704,
        "a0": 89.24113632432275
    },
    "8": {
        "survival data": [
            "84.6",
            "75.0",
            "70.4",
            "65.7"
        ],
        "a2": 0.001469967120918847,
        "a1": -0.43139244445927144,
        "a0": 90.47256536540515
    },
    "9": {
        "survival data": [
            "84.6",
            "74.1",
            "69.2",
            "64.3"
        ],
        "a2": 0.0018154372593641166,
        "a1": -0.48469079408882165,
        "a0": 91.17837839089268
    },
    "10": {
        "survival data": [
            "84.6",
            "73.2",
            "68.2",
            "63.0"
        ],
        "a2": 0.002165918141969536,
        "a1": -0.5356751556059068,
        "a0": 91.83394208638073
    }
}