{
    "1": {
        "survival data": [
            "92.8",
            "81.4",
            "70.3"
        ],
        "a2": -0.01868571428571353,
        "a1": 1.468628571428493,
        "a0": 63.944457142858965
    },
    "2": {
        "survival data": [
            "88.4",
            "74.1",
            "61.6"
        ],
        "a2": -0.01937142857142793,
        "a1": 1.4232571428570586,
        "a0": 62.35691428571688
    },
    "3": {
        "survival data": [
            "82.9",
            "67.7",
            "55.8"
        ],
        "a2": -0.016628571428570993,
        "a1": 1.1047428571427975,
        "a0": 65.10708571428763
    },
    "4": {
        "survival data": [
            "81.1",
            "63.5",
            "52.2"
        ],
        "a2": -0.012171428571428389,
        "a1": 0.5496571428571119,
        "a0": 78.17611428571544
    },
    "5": {
        "survival data": [
            "77.5",
            "60.5",
            "49.0"
        ],
        "a2": -0.013428571428571123,
        "a1": 0.7031428571428167,
        "a0": 70.50228571428698
    },
    "6": {
        "survival data": [
            "76.0",
            "58.2",
            "46.8"
        ],
        "a2": -0.012228571428571144,
        "a1": 0.5475428571428284,
        "a0": 73.24548571428636
    },
    "7": {
        "survival data": [
            "73.5",
            "56.1",
            "45.2"
        ],
        "a2": -0.011257142857142632,
        "a1": 0.46348571428568763,
        "a0": 72.54617142857217
    },
    "8": {
        "survival data": [
            "73.0",
            "54.4",
            "43.9"
        ],
        "a2": -0.00874285714285708,
        "a1": 0.15651428571427659,
        "a0": 80.19382857142888
    },
    "9": {
        "survival data": [
            "71.9",
            "52.9",
            "42.2"
        ],
        "a2": -0.008857142857142758,
        "a1": 0.15228571428570267,
        "a0": 79.43257142857175
    },
    "10": {
        "survival data": [
            "70.7",
            "51.4",
            "41.0"
        ],
        "a2": -0.007657142857142843,
        "a1": 0.016685714285712208,
        "a0": 81.6957714285715
    }
}