{
    "1": {
        "survival data": [
            "42.8",
            "34.7",
            "33.2"
        ],
        "a2": 0.0049714285714280715,
        "a1": -0.8360571428570949,
        "a0": 67.84468571428474
    },
    "2": {
        "survival data": [
            "19.5",
            "14.4",
            "13.9"
        ],
        "a2": 0.0043999999999997375,
        "a1": -0.6571999999999633,
        "a0": 38.4383999999988
    },
    "3": {
        "survival data": [
            "12.7",
            "8.3",
            "7.7"
        ],
        "a2": 0.003314285714285492,
        "a1": -0.5173714285713995,
        "a0": 27.83645714285625
    },
    "4": {
        "survival data": [
            "10.3",
            "6.0",
            "6.0"
        ],
        "a2": 0.004914285714285427,
        "a1": -0.6781714285713909,
        "a0": 29.274057142855987
    },
    "5": {
        "survival data": [
            "9.4",
            "5.0",
            "4.6"
        ],
        "a2": 0.003885714285714048,
        "a1": -0.5762285714285393,
        "a0": 25.96274285714184
    },
    "6": {
        "survival data": [
            "8.9",
            "4.4",
            "4.2"
        ],
        "a2": 0.004571428571428338,
        "a1": -0.6508571428571064,
        "a0": 27.33028571428443
    },
    "7": {
        "survival data": [
            "8.4",
            "4.1",
            "3.8"
        ],
        "a2": 0.004057142857142537,
        "a1": -0.5898857142856814,
        "a0": 25.234628571427816
    },
    "8": {
        "survival data": [
            "8.4",
            "3.9",
            "3.4"
        ],
        "a2": 0.003714285714285448,
        "a1": -0.5625714285713971,
        "a0": 24.690857142856274
    },
    "9": {
        "survival data": [
            "8.4",
            "3.7",
            "2.9"
        ],
        "a2": 0.003085714285714025,
        "a1": -0.5058285714285431,
        "a0": 23.43394285714215
    },
    "10": {
        "survival data": [
            "7.6",
            "3.5",
            "2.8"
        ],
        "a2": 0.0026857142857141247,
        "a1": -0.4406285714285466,
        "a0": 20.69954285714199
    }
}