{
    "1": {
        "survival data": [
            "82.6",
            "84.4",
            "79.6"
        ],
        "a2": -0.01577142857142788,
        "a1": 1.696457142857053,
        "a0": 40.42651428571704
    },
    "2": {
        "survival data": [
            "67.5",
            "74.2",
            "68.9"
        ],
        "a2": -0.022799999999998377,
        "a1": 2.6163999999998526,
        "a0": 0.13920000000268828
    },
    "3": {
        "survival data": [
            "60.0",
            "67.5",
            "62.6"
        ],
        "a2": -0.0225714285714278,
        "a1": 2.6248571428569947,
        "a0": -8.03828571427983
    },
    "4": {
        "survival data": [
            "58.5",
            "63.9",
            "58.4"
        ],
        "a2": -0.021885714285712954,
        "a1": 2.4702285714284336,
        "a0": -4.550742857139632
    },
    "5": {
        "survival data": [
            "58.5",
            "60.3",
            "54.9"
        ],
        "a2": -0.01748571428571344,
        "a1": 1.8730285714284658,
        "a0": 12.047657142860238
    },
    "6": {
        "survival data": [
            "56.9",
            "58.1",
            "53.2"
        ],
        "a2": -0.015371428571427925,
        "a1": 1.6312571428570515,
        "a0": 16.660914285717283
    },
    "7": {
        "survival data": [
            "56.9",
            "56.2",
            "51.5"
        ],
        "a2": -0.01262857142857099,
        "a1": 1.2727428571427872,
        "a0": 26.471085714288215
    },
    "8": {
        "survival data": [
            "56.9",
            "55.0",
            "49.2"
        ],
        "a2": -0.014399999999999302,
        "a1": 1.4071999999999207,
        "a0": 23.9216000000021
    },
    "9": {
        "survival data": [
            "56.9",
            "53.5",
            "47.1"
        ],
        "a2": -0.014399999999999302,
        "a1": 1.3471999999999247,
        "a0": 26.261600000001856
    },
    "10": {
        "survival data": [
            "54.3",
            "52.5",
            "45.8"
        ],
        "a2": -0.017085714285713482,
        "a1": 1.6878285714284784,
        "a0": 14.46205714285965
    }
}