{
    "1": {
        "survival data": [
            "80.4",
            "73.4",
            "68.3"
        ],
        "a2": -0.006571428571428395,
        "a1": 0.3968571428571234,
        "a0": 74.9177142857148
    },
    "2": {
        "survival data": [
            "59.1",
            "50.5",
            "47.0"
        ],
        "a2": -0.00017142857142876666,
        "a1": -0.3263428571428391,
        "a0": 72.08811428571394
    },
    "3": {
        "survival data": [
            "48.7",
            "39.4",
            "36.4"
        ],
        "a2": 0.0020571428571425354,
        "a1": -0.5838857142856824,
        "a0": 68.34262857142788
    },
    "4": {
        "survival data": [
            "41.4",
            "32.8",
            "30.4"
        ],
        "a2": 0.0029714285714284028,
        "a1": -0.650057142857107,
        "a0": 62.23268571428423
    },
    "5": {
        "survival data": [
            "39.2",
            "29.2",
            "26.9"
        ],
        "a2": 0.004857142857142338,
        "a1": -0.9002857142856642,
        "a0": 66.92342857142754
    },
    "6": {
        "survival data": [
            "37.4",
            "27.1",
            "24.7"
        ],
        "a2": 0.004914285714285316,
        "a1": -0.9181714285713767,
        "a0": 65.73405714285556
    },
    "7": {
        "survival data": [
            "35.6",
            "25.4",
            "22.8"
        ],
        "a2": 0.004228571428571026,
        "a1": -0.8435428571428113,
        "a0": 62.06651428571307
    },
    "8": {
        "survival data": [
            "35.6",
            "24.0",
            "21.6"
        ],
        "a2": 0.006399999999999295,
        "a1": -1.1231999999999382,
        "a0": 69.67039999999896
    },
    "9": {
        "survival data": [
            "35.6",
            "22.6",
            "20.4"
        ],
        "a2": 0.008571428571427786,
        "a1": -1.402857142857064,
        "a0": 77.27428571428396
    },
    "10": {
        "survival data": [
            "34.6",
            "22.2",
            "19.4"
        ],
        "a2": 0.00617142857142805,
        "a1": -1.13165714285708,
        "a0": 69.34788571428393
    }
}