{
    "1": {
        "survival data": [
            "78.7",
            "51.4",
            "45.3"
        ],
        "a2": 0.01377142857142788,
        "a1": -2.5104571428570033,
        "a0": 155.66148571428005
    },
    "2": {
        "survival data": [
            "54.5",
            "34.0",
            "27.3"
        ],
        "a2": 0.004285714285713782,
        "a1": -1.2614285714285014,
        "a0": 97.17714285714058
    },
    "3": {
        "survival data": [
            "43.9",
            "24.8",
            "21.8"
        ],
        "a2": 0.013257142857141968,
        "a1": -2.1294857142855954,
        "a0": 106.78582857142486
    },
    "4": {
        "survival data": [
            "40.8",
            "22.5",
            "19.3"
        ],
        "a2": 0.011771428571427656,
        "a1": -1.9444571428570336,
        "a0": 98.72948571428266
    },
    "5": {
        "survival data": [
            "37.7",
            "20.3",
            "17.9"
        ],
        "a2": 0.013028571428570501,
        "a1": -2.037942857142744,
        "a0": 97.36331428571104
    },
    "6": {
        "survival data": [
            "34.6",
            "18.2",
            "16.6"
        ],
        "a2": 0.014171428571427391,
        "a1": -2.115657142857025,
        "a0": 95.55588571428312
    },
    "7": {
        "survival data": [
            "30.9",
            "16.9",
            "15.8"
        ],
        "a2": 0.012857142857142012,
        "a1": -1.8842857142856095,
        "a0": 84.83142857142552
    },
    "8": {
        "survival data": [
            "25.8",
            "15.7",
            "15.5"
        ],
        "a2": 0.010971428571427966,
        "a1": -1.5340571428570575,
        "a0": 68.94068571428292
    },
    "9": {
        "survival data": [
            "25.8",
            "14.8",
            "15.4"
        ],
        "a2": 0.014285714285713347,
        "a1": -1.9114285714284645,
        "a0": 78.61714285714002
    },
    "10": {
        "survival data": [
            "25.8",
            "14.6",
            "13.7"
        ],
        "a2": 0.01022857142857081,
        "a1": -1.5015428571427731,
        "a0": 68.80251428571162
    }
}