{
    "1": {
        "survival data": [
            "99.7",
            "99.5",
            "98.4",
            "96.6"
        ],
        "a2": -0.001465459104885894,
        "a1": 0.08284720736178697,
        "a0": 98.71985058390888
    },
    "2": {
        "survival data": [
            "99.7",
            "98.9",
            "97.5",
            "95.4"
        ],
        "a2": -0.0013822410627672282,
        "a1": 0.056327243597902255,
        "a0": 99.08234339440057
    },
    "3": {
        "survival data": [
            "99.7",
            "98.0",
            "96.4",
            "94.1"
        ],
        "a2": -0.001000898626526901,
        "a1": 0.0018391349371892482,
        "a0": 99.79376418677279
    },
    "4": {
        "survival data": [
            "99.7",
            "97.3",
            "95.3",
            "92.7"
        ],
        "a2": -0.0008883801339042742,
        "a1": -0.030852696359157543,
        "a0": 100.24460101412171
    },
    "5": {
        "survival data": [
            "99.1",
            "96.5",
            "94.1",
            "91.1"
        ],
        "a2": -0.0011684592342061477,
        "a1": -0.022042888662587853,
        "a0": 99.5642140589905
    },
    "6": {
        "survival data": [
            "99.1",
            "96.2",
            "92.9",
            "89.7"
        ],
        "a2": -0.001429259372324087,
        "a1": -0.02403292472340811,
        "a0": 99.6726697807146
    },
    "7": {
        "survival data": [
            "99.1",
            "95.5",
            "92.0",
            "88.3"
        ],
        "a2": -0.0013784639869714177,
        "a1": -0.04971726173249912,
        "a0": 100.0117924142956
    },
    "8": {
        "survival data": [
            "99.1",
            "94.9",
            "91.0",
            "87.0"
        ],
        "a2": -0.0013311182426476997,
        "a1": -0.0750474664652198,
        "a0": 100.36867745790222
    },
    "9": {
        "survival data": [
            "99.1",
            "94.6",
            "90.3",
            "85.9"
        ],
        "a2": -0.0015460245946506412,
        "a1": -0.07359928533227723,
        "a0": 100.38224228651329
    },
    "10": {
        "survival data": [
            "99.1",
            "94.0",
            "89.6",
            "84.9"
        ],
        "a2": -0.0013910619569420246,
        "a1": -0.10249876715848859,
        "a0": 100.75595063077492
    }
}