{
    "1": {
        "survival data": [
            "94.0",
            "81.3",
            "80.2",
            "71.8"
        ],
        "a2": 0.0022767002381011148,
        "a1": -0.5275847055550944,
        "a0": 100.70714254293743
    },
    "2": {
        "survival data": [
            "89.2",
            "72.0",
            "65.4",
            "56.5"
        ],
        "a2": 0.0029028282756785595,
        "a1": -0.7699536233302571,
        "a0": 99.51922131381986
    },
    "3": {
        "survival data": [
            "87.7",
            "65.8",
            "52.8",
            "43.6"
        ],
        "a2": 0.0034699188325588715,
        "a1": -1.0257249753017799,
        "a0": 101.8916634777601
    },
    "4": {
        "survival data": [
            "86.9",
            "60.4",
            "42.8",
            "34.1"
        ],
        "a2": 0.005151408812889446,
        "a1": -1.3330984126689485,
        "a0": 105.46281257203884
    },
    "5": {
        "survival data": [
            "85.2",
            "55.2",
            "35.1",
            "27.5"
        ],
        "a2": 0.007269719924206219,
        "a1": -1.6126399345394238,
        "a0": 107.58704433235084
    },
    "6": {
        "survival data": [
            "85.2",
            "52.1",
            "29.8",
            "22.8"
        ],
        "a2": 0.008901287678562575,
        "a1": -1.8428366963749367,
        "a0": 110.74496793950416
    },
    "7": {
        "survival data": [
            "84.2",
            "49.1",
            "26.4",
            "19.7"
        ],
        "a2": 0.010261455007650744,
        "a1": -1.9993907100471495,
        "a0": 111.78596713811538
    },
    "8": {
        "survival data": [
            "84.2",
            "46.6",
            "23.5",
            "17.8"
        ],
        "a2": 0.012414623038242922,
        "a1": -2.2256073997610226,
        "a0": 114.72697930182073
    },
    "9": {
        "survival data": [
            "84.2",
            "45.5",
            "21.4",
            "16.2"
        ],
        "a2": 0.01310646954873107,
        "a1": -2.318155232523214,
        "a0": 116.0116955729797
    },
    "10": {
        "survival data": [
            "84.2",
            "43.9",
            "19.7",
            "14.8"
        ],
        "a2": 0.014313562778008215,
        "a1": -2.4488320170344187,
        "a0": 117.69371093727784
    }
}