{
    "1": {
        "survival data": [
            "100.0",
            "99.0",
            "98.2",
            "96.5"
        ],
        "a2": -0.0007697263736797799,
        "a1": 0.015691411584507903,
        "a0": 99.84975301827056
    },
    "2": {
        "survival data": [
            "99.0",
            "98.2",
            "96.5",
            "95.1"
        ],
        "a2": -0.0010227209961425412,
        "a1": 0.02704197746785641,
        "a0": 98.7957741401282
    },
    "3": {
        "survival data": [
            "98.4",
            "97.2",
            "94.8",
            "93.5"
        ],
        "a2": -0.0009464022360817887,
        "a1": 0.0012302782567105838,
        "a0": 98.59379177067132
    },
    "4": {
        "survival data": [
            "98.1",
            "96.3",
            "93.5",
            "91.5"
        ],
        "a2": -0.0011659918974778576,
        "a1": -0.005325901776846324,
        "a0": 98.40481735920221
    },
    "5": {
        "survival data": [
            "97.5",
            "95.6",
            "92.3",
            "89.7"
        ],
        "a2": -0.0016805837467334765,
        "a1": 0.02142230386409154,
        "a0": 97.50194112590597
    },
    "6": {
        "survival data": [
            "97.5",
            "95.1",
            "91.4",
            "87.8"
        ],
        "a2": -0.0021655477107182936,
        "a1": 0.03630826891853241,
        "a0": 97.33462033938785
    },
    "7": {
        "survival data": [
            "97.1",
            "94.9",
            "90.5",
            "86.5"
        ],
        "a2": -0.0028139346976007173,
        "a1": 0.07813385996309131,
        "a0": 96.46160294863284
    },
    "8": {
        "survival data": [
            "97.1",
            "94.4",
            "89.6",
            "85.7"
        ],
        "a2": -0.0025648262958561374,
        "a1": 0.04139125709483059,
        "a0": 96.97039566357307
    },
    "9": {
        "survival data": [
            "97.1",
            "93.9",
            "88.4",
            "83.6"
        ],
        "a2": -0.0030906733017959376,
        "a1": 0.055152993067971584,
        "a0": 96.84771644016897
    },
    "10": {
        "survival data": [
            "97.1",
            "93.5",
            "87.8",
            "82.6"
        ],
        "a2": -0.003168662309910024,
        "a1": 0.04686002957496292,
        "a0": 96.96644858629219
    }
}