{
    "1": {
        "survival data": [
            "99.1",
            "96.8",
            "94.2",
            "88.9"
        ],
        "a2": -0.0029706006575815347,
        "a1": 0.1103721511108052,
        "a0": 97.85745130730831
    },
    "2": {
        "survival data": [
            "96.4",
            "92.8",
            "89.2",
            "81.0"
        ],
        "a2": -0.0044173595991138515,
        "a1": 0.16268027516425698,
        "a0": 94.5402657778083
    },
    "3": {
        "survival data": [
            "95.5",
            "90.7",
            "84.6",
            "75.1"
        ],
        "a2": -0.005399634132990633,
        "a1": 0.16510031245213183,
        "a0": 93.82844978159466
    },
    "4": {
        "survival data": [
            "95.5",
            "88.9",
            "80.3",
            "69.9"
        ],
        "a2": -0.005723936771354188,
        "a1": 0.10457656565909418,
        "a0": 94.82620394291015
    },
    "5": {
        "survival data": [
            "95.5",
            "88.0",
            "76.7",
            "66.4"
        ],
        "a2": -0.006039200225698399,
        "a1": 0.0657519142530961,
        "a0": 95.58182515446501
    },
    "6": {
        "survival data": [
            "95.5",
            "87.1",
            "74.1",
            "63.7"
        ],
        "a2": -0.006129208404952739,
        "a1": 0.024416684885043647,
        "a0": 96.27059430733168
    },
    "7": {
        "survival data": [
            "95.5",
            "86.3",
            "71.9",
            "61.8"
        ],
        "a2": -0.005909837033401331,
        "a1": -0.03190021971203586,
        "a0": 97.12809443218678
    },
    "8": {
        "survival data": [
            "95.5",
            "85.4",
            "70.0",
            "59.4"
        ],
        "a2": -0.006015674533810633,
        "a1": -0.06278973759906815,
        "a0": 97.61025849817247
    },
    "9": {
        "survival data": [
            "95.5",
            "84.7",
            "68.6",
            "58.1"
        ],
        "a2": -0.005743837528853171,
        "a1": -0.11068631650108766,
        "a0": 98.29013147994225
    },
    "10": {
        "survival data": [
            "95.5",
            "84.1",
            "67.6",
            "56.9"
        ],
        "a2": -0.0056297579330995,
        "a1": -0.14071002740860034,
        "a0": 98.70848138731785
    }
}