{
    "1": {
        "survival data": [
            "95.4",
            "71.4",
            "59.3"
        ],
        "a2": -0.007142857142857284,
        "a1": -0.2242857142856984,
        "a0": 115.01142857142816
    },
    "2": {
        "survival data": [
            "92.3",
            "61.6",
            "48.3"
        ],
        "a2": -0.002914285714286091,
        "a1": -0.9278285714285194,
        "a0": 132.91794285714116
    },
    "3": {
        "survival data": [
            "89.6",
            "55.3",
            "40.4"
        ],
        "a2": -0.003371428571429247,
        "a1": -1.0247428571428001,
        "a0": 134.6929142857134
    },
    "4": {
        "survival data": [
            "89.0",
            "49.5",
            "34.4"
        ],
        "a2": 0.0019999999999991136,
        "a1": -1.785999999999902,
        "a0": 155.6119999999975
    },
    "5": {
        "survival data": [
            "86.7",
            "46.1",
            "30.9"
        ],
        "a2": 0.0029714285714279587,
        "a1": -1.9300571428570341,
        "a0": 157.45268571428156
    },
    "6": {
        "survival data": [
            "85.3",
            "43.2",
            "27.6"
        ],
        "a2": 0.0035428571428561817,
        "a1": -2.048914285714172,
        "a0": 159.81897142856826
    },
    "7": {
        "survival data": [
            "83.6",
            "40.8",
            "26.1"
        ],
        "a2": 0.0069142857142847625,
        "a1": -2.424171428571293,
        "a0": 167.62605714285266
    },
    "8": {
        "survival data": [
            "82.4",
            "38.6",
            "22.9"
        ],
        "a2": 0.005199999999998539,
        "a1": -2.2875999999998733,
        "a0": 163.70719999999793
    },
    "9": {
        "survival data": [
            "81.3",
            "36.3",
            "21.8"
        ],
        "a2": 0.009999999999998899,
        "a1": -2.8299999999998433,
        "a0": 176.45999999999484
    },
    "10": {
        "survival data": [
            "80.8",
            "35.3",
            "21.2"
        ],
        "a2": 0.01171428571428379,
        "a1": -3.0265714285712613,
        "a0": 181.0188571428544
    }
}